{"meta":{"name":"US Local Channels","id":"SportsDonkey7","type":"channel","posterShape":"landscape","videos":[{"id":"SportsDonkeystream_7_0","title":"US: ABC 10 (Miami) | HD"},{"id":"SportsDonkeystream_7_1","title":"US: ABC 10 (Sacramento) HD"},{"id":"SportsDonkeystream_7_2","title":"US: ABC 10 (San Diego) | HD"},{"id":"SportsDonkeystream_7_3","title":"US: ABC 11 (Louisville) | HD"},{"id":"SportsDonkeystream_7_4","title":"US: ABC 11 (Raleigh) | HD"},{"id":"SportsDonkeystream_7_5","title":"US: ABC 12 (Milwaukee) | HD"},{"id":"SportsDonkeystream_7_6","title":"US: ABC 12 (San Antonio) | HD"},{"id":"SportsDonkeystream_7_7","title":"US: ABC 13 (Houston) | HD"},{"id":"SportsDonkeystream_7_8","title":"US: ABC 15 (Phoenix) | HD"},{"id":"SportsDonkeystream_7_9","title":"US: ABC 2 (Atlanta) | HD"},{"id":"SportsDonkeystream_7_10","title":"US: ABC 2 (Baltimore) | HD"},{"id":"SportsDonkeystream_7_11","title":"US: ABC 2 (Nashville) | HD"},{"id":"SportsDonkeystream_7_12","title":"US: ABC 2 (Portland) | HD"},{"id":"SportsDonkeystream_7_13","title":"US: ABC 28 (Tampa bay) | HD"},{"id":"SportsDonkeystream_7_14","title":"US: ABC 30 (Fresno) | HD"},{"id":"SportsDonkeystream_7_15","title":"US: ABC 30 (St. Louis) | HD"},{"id":"SportsDonkeystream_7_16","title":"US: ABC 4 (Salt Lake City) | HD"},{"id":"SportsDonkeystream_7_17","title":"US: ABC 4 (Seattle) | HD"},{"id":"SportsDonkeystream_7_18","title":"US: ABC 5 (Boston) | HD"},{"id":"SportsDonkeystream_7_19","title":"US: ABC 5 (Cleveland) | HD"},{"id":"SportsDonkeystream_7_20","title":"US: ABC 5 (St. Paul MN) | HD"},{"id":"SportsDonkeystream_7_21","title":"US: ABC 6 (Columbus) | HD"},{"id":"SportsDonkeystream_7_22","title":"US: ABC 6 (Indianapolis) | HD"},{"id":"SportsDonkeystream_7_23","title":"US: ABC 6 (Philadelphia) | HD"},{"id":"SportsDonkeystream_7_24","title":"US: ABC 7 (Chicago) | HD"},{"id":"SportsDonkeystream_7_25","title":"US: ABC 7 (Denver) | HD"},{"id":"SportsDonkeystream_7_26","title":"US: ABC 7 (Detroit) | HD"},{"id":"SportsDonkeystream_7_27","title":"US: ABC 7 (Los Angeles) | HD"},{"id":"SportsDonkeystream_7_28","title":"US: ABC 7 (New York) | HD"},{"id":"SportsDonkeystream_7_29","title":"US: ABC 4 (Pittsburgh) | HD"},{"id":"SportsDonkeystream_7_30","title":"US: ABC 7 (San Francisco) | HD"},{"id":"SportsDonkeystream_7_31","title":"US: ABC 7 (Washington DC) | HD"},{"id":"SportsDonkeystream_7_32","title":"US: ABC 8 (Dallas) | HD"},{"id":"SportsDonkeystream_7_33","title":"US: ABC 8 (Hartford) | HD"},{"id":"SportsDonkeystream_7_34","title":"US: ABC 9 (Charlotte) | HD"},{"id":"SportsDonkeystream_7_35","title":"US: ABC 9 (Kansas City) | HD"},{"id":"SportsDonkeystream_7_36","title":"US: ABC 9 (Orlando) | HD"},{"id":"SportsDonkeystream_7_37","title":"US: ABC NEWS | HD"},{"id":"SportsDonkeystream_7_38","title":"US: CBS 10 (Altoona PA) | HD"},{"id":"SportsDonkeystream_7_39","title":"US: CBS 10 (Corpus Christi) | HD"},{"id":"SportsDonkeystream_7_40","title":"US: CBS 10 (Lafayette LA) | HD"},{"id":"SportsDonkeystream_7_41","title":"US: CBS 10 (Lincoln NE) | HD"},{"id":"SportsDonkeystream_7_42","title":"US: CBS 10 (Springfield) | HD"},{"id":"SportsDonkeystream_7_43","title":"US: CBS 10 (Tampa) | HD"},{"id":"SportsDonkeystream_7_44","title":"US: CBS 10 (Waco TX) | HD"},{"id":"SportsDonkeystream_7_45","title":"US: CBS 11 (Cadillac) | HD"},{"id":"SportsDonkeystream_7_46","title":"US: CBS 11 (Colorado CO) | HD"},{"id":"SportsDonkeystream_7_47","title":"US: CBS 11 (Dallas) | HD"},{"id":"SportsDonkeystream_7_48","title":"US: CBS 11 (Fort Myers) | HD"},{"id":"SportsDonkeystream_7_49","title":"US: CBS 11 (Houston) | HD"},{"id":"SportsDonkeystream_7_50","title":"US: CBS 11 (Little Rock AR) | HD"},{"id":"SportsDonkeystream_7_51","title":"US: CBS 11 (Savannah GA) | HD"},{"id":"SportsDonkeystream_7_52","title":"US: CBS 11 (Spartanburg SC) | HD"},{"id":"SportsDonkeystream_7_53","title":"US: CBS 11 (Toledo OH) | HD"},{"id":"SportsDonkeystream_7_54","title":"US: CBS 11 (Tri Cities) | HD"},{"id":"SportsDonkeystream_7_55","title":"US: CBS 12 (Augusta GA) | HD"},{"id":"SportsDonkeystream_7_56","title":"US: CBS 12 (Cape Girardeau MO) | HD"},{"id":"SportsDonkeystream_7_57","title":"US: CBS 12 (Cincinnati) | HD"},{"id":"SportsDonkeystream_7_58","title":"US: CBS 12 (E Providence) | HD"},{"id":"SportsDonkeystream_7_59","title":"US: CBS 12 (Jackson MS) | HD"},{"id":"SportsDonkeystream_7_60","title":"US: CBS 12 (Santa Maria CA) | HD"},{"id":"SportsDonkeystream_7_61","title":"US: CBS 12 (Shreveport LA) | HD"},{"id":"SportsDonkeystream_7_62","title":"US: CBS 12 (West Palm Beach) | HD"},{"id":"SportsDonkeystream_7_63","title":"US: CBS 12 (Wichita KS) | HD"},{"id":"SportsDonkeystream_7_64","title":"US: CBS 13 (Albuquerque NM) | HD"},{"id":"SportsDonkeystream_7_65","title":"US: CBS 13 (Baltimore) | HD"},{"id":"SportsDonkeystream_7_66","title":"US: CBS 13 (Eugene OR) | HD"},{"id":"SportsDonkeystream_7_67","title":"US: CBS 13 (Huntington WV) | HD"},{"id":"SportsDonkeystream_7_68","title":"US: CBS 13 (Myrtle Beach) | HD"},{"id":"SportsDonkeystream_7_69","title":"US: CBS 13 (Portland) | HD"},{"id":"SportsDonkeystream_7_70","title":"US: CBS 13 (Sacramento CA) | HD"},{"id":"SportsDonkeystream_7_71","title":"US: CBS 13 (Tucson AZ) | HD"},{"id":"SportsDonkeystream_7_72","title":"US: CBS 15 (Fort Wayne) | HD"},{"id":"SportsDonkeystream_7_73","title":"US: CBS 17 (Raleigh Durham) | HD"},{"id":"SportsDonkeystream_7_74","title":"US: CBS 19 (Cleveland OH) | HD"},{"id":"SportsDonkeystream_7_75","title":"US: CBS 19 (Columbia SC) | HD"},{"id":"SportsDonkeystream_7_76","title":"US: CBS 2 (Boise ID) | HD"},{"id":"SportsDonkeystream_7_77","title":"US: CBS 2 (Cedar Rapids) | HD"},{"id":"SportsDonkeystream_7_78","title":"US: CBS 2 (Chicago) | HD"},{"id":"SportsDonkeystream_7_79","title":"US: CBS 2 (Greensboro) | HD"},{"id":"SportsDonkeystream_7_80","title":"US: CBS 2 (NEW YORK) | HD"},{"id":"SportsDonkeystream_7_81","title":"US: CBS 2 (Pittsburg) | HD"},{"id":"SportsDonkeystream_7_82","title":"US: CBS 2 (Reno) | HD"},{"id":"SportsDonkeystream_7_83","title":"US: CBS 2 (Salt Lake City) | HD"},{"id":"SportsDonkeystream_7_84","title":"US: CBS 2 (Spokane) | HD"},{"id":"SportsDonkeystream_7_85","title":"US: CBS 2 (Tallahassee FL) | HD"},{"id":"SportsDonkeystream_7_86","title":"US: CBS 21 (Dallas TX) | HD"},{"id":"SportsDonkeystream_7_87","title":"US: CBS 21 (Harrisburg) | HD"},{"id":"SportsDonkeystream_7_88","title":"US: CBS 22 (Scranton) | HD"},{"id":"SportsDonkeystream_7_89","title":"US: CBS 27 (Lexington KY) | HD"},{"id":"SportsDonkeystream_7_90","title":"US: CBS 27 (Youngstown) | HD"},{"id":"SportsDonkeystream_7_91","title":"US: CBS 29 (Bakersfield CA) | HD"},{"id":"SportsDonkeystream_7_92","title":"US: CBS 3 (Burlington VT) | HD"},{"id":"SportsDonkeystream_7_93","title":"US: CBS 3 (Champaign) | HD"},{"id":"SportsDonkeystream_7_94","title":"US: CBS 3 (Charlotte) | HD"},{"id":"SportsDonkeystream_7_95","title":"US: CBS 3 (Hartford) | HD"},{"id":"SportsDonkeystream_7_96","title":"US: CBS 3 (Kalamazoo MI) | HD"},{"id":"SportsDonkeystream_7_97","title":"US: CBS 3 (Madison WI) | HD"},{"id":"SportsDonkeystream_7_98","title":"US: CBS 3 (Omaha NE) | HD"},{"id":"SportsDonkeystream_7_99","title":"US: CBS 3 (Philadelphia) | HD"},{"id":"SportsDonkeystream_7_100","title":"US: CBS 3 (Wilmington) | HD"},{"id":"SportsDonkeystream_7_101","title":"US: CBS 31 (Central IL) | HD"},{"id":"SportsDonkeystream_7_102","title":"US: CBS 32 (Louisville KY) | HD"},{"id":"SportsDonkeystream_7_103","title":"US: CBS 33 (Flint MI) | HD"},{"id":"SportsDonkeystream_7_104","title":"US: CBS 38 (Boston MA) | HD"},{"id":"SportsDonkeystream_7_105","title":"US: CBS 4 (Buffalo NY) | HD"},{"id":"SportsDonkeystream_7_106","title":"US: CBS 4 (Colombus MS) | HD"},{"id":"SportsDonkeystream_7_107","title":"US: CBS 4 (Denver) | HD"},{"id":"SportsDonkeystream_7_108","title":"US: CBS 4 (El Paso TX) | HD"},{"id":"SportsDonkeystream_7_109","title":"US: CBS 4 (Harlinger TX) | HD"},{"id":"SportsDonkeystream_7_110","title":"US: CBS 4 (Miami) | HD"},{"id":"SportsDonkeystream_7_111","title":"US: CBS 4 (Minneapolis) | HD"},{"id":"SportsDonkeystream_7_112","title":"US: CBS 4 (New Orleans) | HD"},{"id":"SportsDonkeystream_7_113","title":"US: CBS 4 (Rock Island) | HD"},{"id":"SportsDonkeystream_7_114","title":"US: CBS 4 (St. Louis) | HD"},{"id":"SportsDonkeystream_7_115","title":"US: CBS 42 (Austin TX) | HD"},{"id":"SportsDonkeystream_7_116","title":"US: CBS 42 (Birmingham AL) | HD"},{"id":"SportsDonkeystream_7_117","title":"US: CBS 46 (Atlanta) | HD"},{"id":"SportsDonkeystream_7_118","title":"US: CBS 46 (Salinas CA) | HD"},{"id":"SportsDonkeystream_7_119","title":"US: CBS 47 (Fresno CA) | HD"},{"id":"SportsDonkeystream_7_120","title":"US: CBS 47 (Jacksonville) | HD"},{"id":"SportsDonkeystream_7_121","title":"US: CBS 5 (Charleston SC) | HD"},{"id":"SportsDonkeystream_7_122","title":"US: CBS 5 (Flint MI) | HD"},{"id":"SportsDonkeystream_7_123","title":"US: CBS 5 (Green Bay WI) | HD"},{"id":"SportsDonkeystream_7_124","title":"US: CBS 5 (Honolulu HI) | HD"},{"id":"SportsDonkeystream_7_125","title":"US: CBS 5 (Kansas City) | HD"},{"id":"SportsDonkeystream_7_126","title":"US: CBS 5 (Mobile AL) | HD"},{"id":"SportsDonkeystream_7_127","title":"US: CBS 5 (Nashville) | HD"},{"id":"SportsDonkeystream_7_128","title":"US: CBS 5 (Phoenix) | HD"},{"id":"SportsDonkeystream_7_129","title":"US: CBS 5 (San Antonio) | HD"},{"id":"SportsDonkeystream_7_130","title":"US: CBS 5 (San Francisco CA) | HD"},{"id":"SportsDonkeystream_7_131","title":"US: CBS 5 (Syracuse) | HD"},{"id":"SportsDonkeystream_7_132","title":"US: CBS 55 (Riverhead NY) | HD"},{"id":"SportsDonkeystream_7_133","title":"US: CBS 58 (Milwaukee) | HD"},{"id":"SportsDonkeystream_7_134","title":"US: CBS 6 (Albany NY) | HD"},{"id":"SportsDonkeystream_7_135","title":"US: CBS 6 (Lansing MI) | HD"},{"id":"SportsDonkeystream_7_136","title":"US: CBS 6 (Orlando) | HD"},{"id":"SportsDonkeystream_7_137","title":"US: CBS 6 (Portland) | HD"},{"id":"SportsDonkeystream_7_138","title":"US: CBS 6 (Tulsa OK) | HD"},{"id":"SportsDonkeystream_7_139","title":"US: CBS 62 (Detroit) | HD"},{"id":"SportsDonkeystream_7_140","title":"US: CBS 7 (Dayton OH) | HD"},{"id":"SportsDonkeystream_7_141","title":"US: CBS 7 (Roanoke VA) | HD"},{"id":"SportsDonkeystream_7_142","title":"US: CBS 7 (Seattle) | HD"},{"id":"SportsDonkeystream_7_143","title":"US: CBS 8 (Des Moines) | HD"},{"id":"SportsDonkeystream_7_144","title":"US: CBS 8 (Knoxville TN) | HD"},{"id":"SportsDonkeystream_7_145","title":"US: CBS 8 (La Crosse WI) | HD"},{"id":"SportsDonkeystream_7_146","title":"US: CBS 8 (Las Vegas) | HD"},{"id":"SportsDonkeystream_7_147","title":"US: CBS 8 (Montgomery) | HD"},{"id":"SportsDonkeystream_7_148","title":"US: CBS 8 (San Diego) | HD"},{"id":"SportsDonkeystream_7_149","title":"US: CBS 9 (Greenville NC) | HD"},{"id":"SportsDonkeystream_7_150","title":"US: CBS 2 (Los Angeles) | HD"},{"id":"SportsDonkeystream_7_151","title":"US: CBS 9 (Oklahoma City OK) | HD"},{"id":"SportsDonkeystream_7_152","title":"US: CBS 9 (Washington) | HD"},{"id":"SportsDonkeystream_7_153","title":"US: CBS 9 (Yakima) | HD"},{"id":"SportsDonkeystream_7_154","title":"US: FOX 10 (Phoenix) | HD"},{"id":"SportsDonkeystream_7_155","title":"US: FOX 10 XTRA (Phoenix) | HD"},{"id":"SportsDonkeystream_7_156","title":"US: FOX 11 (Charleston) | HD"},{"id":"SportsDonkeystream_7_157","title":"US: FOX 11 (Green Bay) | HD"},{"id":"SportsDonkeystream_7_158","title":"US: FOX 11 (Los Angeles) | HD"},{"id":"SportsDonkeystream_7_159","title":"US: FOX 11 (Sta Barbara) | SD"},{"id":"SportsDonkeystream_7_160","title":"US: FOX 11 (Tucson) | HD"},{"id":"SportsDonkeystream_7_161","title":"US: FOX 12 (Portland) | HD"},{"id":"SportsDonkeystream_7_162","title":"US: FOX 12 (Providence) | HD"},{"id":"SportsDonkeystream_7_163","title":"US: FOX 12 (Salt Lake City) | HD"},{"id":"SportsDonkeystream_7_164","title":"US: FOX 13 (Albuquerque) | SD"},{"id":"SportsDonkeystream_7_165","title":"US: FOX 13 (Memphis) | HD"},{"id":"SportsDonkeystream_7_166","title":"US: FOX 13 (Salt Lake City) | HD"},{"id":"SportsDonkeystream_7_167","title":"US: FOX 13 (Seattle) | HD"},{"id":"SportsDonkeystream_7_168","title":"US: FOX 13 (Tampa Bay) | HD"},{"id":"SportsDonkeystream_7_169","title":"US: FOX 14 (El Paso) | SD"},{"id":"SportsDonkeystream_7_170","title":"US: FOX 15 (Fargo) | HD"},{"id":"SportsDonkeystream_7_171","title":"US: FOX 15 (Lafayette) | SD"},{"id":"SportsDonkeystream_7_172","title":"US: FOX 15 (Lincoln) | SD"},{"id":"SportsDonkeystream_7_173","title":"US: FOX 16 (Little Rock) | HD"},{"id":"SportsDonkeystream_7_174","title":"US: FOX 17 (Des Moines) | SD"},{"id":"SportsDonkeystream_7_175","title":"US: FOX 17 (Grand Rapids) | HD"},{"id":"SportsDonkeystream_7_176","title":"US: FOX 17 (La Crosse) | SD"},{"id":"SportsDonkeystream_7_177","title":"US: FOX 17 (Nashville) | HD"},{"id":"SportsDonkeystream_7_178","title":"US: FOX 17 (West Michigan) | HD"},{"id":"SportsDonkeystream_7_179","title":"US: FOX 18 (Davenport) | SD"},{"id":"SportsDonkeystream_7_180","title":"US: FOX 19 (Cincinnati) | HD"},{"id":"SportsDonkeystream_7_181","title":"US: FOX 19 (Youngstown) | SD"},{"id":"SportsDonkeystream_7_182","title":"US: FOX 2 (Detroit) | HD"},{"id":"SportsDonkeystream_7_183","title":"US: FOX 2 (Honolulu) | HD"},{"id":"SportsDonkeystream_7_184","title":"US: FOX 2 (San Francisco) | HD"},{"id":"SportsDonkeystream_7_185","title":"US: FOX 2 (St. Louis) | HD"},{"id":"SportsDonkeystream_7_186","title":"US: FOX 20 (McAllen) | SD"},{"id":"SportsDonkeystream_7_187","title":"US: FOX 20 (Washington) | HD"},{"id":"SportsDonkeystream_7_188","title":"US: FOX 21 (Colorado Springs) | HD"},{"id":"SportsDonkeystream_7_189","title":"US: FOX 22 (Pittsburgh) | HD"},{"id":"SportsDonkeystream_7_190","title":"US: FOX 22 (South Bend) | HD"},{"id":"SportsDonkeystream_7_191","title":"US: FOX 23 (Albany) |SD"},{"id":"SportsDonkeystream_7_192","title":"US: FOX 23 (Cape Girardeau) | SD"},{"id":"SportsDonkeystream_7_193","title":"US: FOX 23 (Portland) | SD"},{"id":"SportsDonkeystream_7_194","title":"US: FOX 23 (Reno) | SD"},{"id":"SportsDonkeystream_7_195","title":"US: FOX 23 (Tulsa) | HD"},{"id":"SportsDonkeystream_7_196","title":"US: FOX 24 (Charleston) | HD"},{"id":"SportsDonkeystream_7_197","title":"US: FOX 24 (Macon) | SD"},{"id":"SportsDonkeystream_7_198","title":"US: FOX 24 (Milwaukee) | HD"},{"id":"SportsDonkeystream_7_199","title":"US: FOX 24 (Richmond) | SD"},{"id":"SportsDonkeystream_7_200","title":"US: FOX 24 (Wichita) | HD"},{"id":"SportsDonkeystream_7_201","title":"US: FOX 25 (Boston) | HD"},{"id":"SportsDonkeystream_7_202","title":"US: FOX 25 (Oklahoma) | SD"},{"id":"SportsDonkeystream_7_203","title":"US: FOX 26 (Fresno) | HD"},{"id":"SportsDonkeystream_7_204","title":"US: FOX 26 (Houston) | HD"},{"id":"SportsDonkeystream_7_205","title":"US: FOX 27 (Dallas) | HD"},{"id":"SportsDonkeystream_7_206","title":"US: FOX 27 (Roanoke) | SD"},{"id":"SportsDonkeystream_7_207","title":"US: FOX 28 (Bloomington) | SD"},{"id":"SportsDonkeystream_7_208","title":"US: FOX 28 (Columbus) | HD"},{"id":"SportsDonkeystream_7_209","title":"US: FOX 28 (Durham) | HD"},{"id":"SportsDonkeystream_7_210","title":"US: FOX 28 (Raleigh) | HD"},{"id":"SportsDonkeystream_7_211","title":"US: FOX 28 (Savannah) | HD"},{"id":"SportsDonkeystream_7_212","title":"US: FOX 28 (Spokane) | HD"},{"id":"SportsDonkeystream_7_213","title":"US: FOX 29 (Buffalo) | HD"},{"id":"SportsDonkeystream_7_214","title":"US: FOX 29 (Philadelphia) | HD"},{"id":"SportsDonkeystream_7_215","title":"US: FOX 29 (San Antonio) | HD"},{"id":"SportsDonkeystream_7_216","title":"US: FOX 29 (West Palm Beach) | HD"},{"id":"SportsDonkeystream_7_217","title":"US: FOX 30 (Jacksonville) | HD"},{"id":"SportsDonkeystream_7_218","title":"US: FOX 31 (Denver) | HD"},{"id":"SportsDonkeystream_7_219","title":"US: FOX 31 (Rochester) | HD"},{"id":"SportsDonkeystream_7_220","title":"US: FOX 32 (Chicago) | HD"},{"id":"SportsDonkeystream_7_221","title":"US: FOX 33 (Shreveport)  | HD"},{"id":"SportsDonkeystream_7_222","title":"US: FOX 33 (Toledo) | HD"},{"id":"SportsDonkeystream_7_223","title":"US: FOX 35 (Salinas) | HD"},{"id":"SportsDonkeystream_7_224","title":"US: FOX 36 (Lumberton) | SD"},{"id":"SportsDonkeystream_7_225","title":"US: FOX 36 (San Jose) | SD"},{"id":"SportsDonkeystream_7_226","title":"US: FOX 38 (Corpus Christi) | SD"},{"id":"SportsDonkeystream_7_227","title":"US: FOX 38 (Lansing) | SD"},{"id":"SportsDonkeystream_7_228","title":"US: FOX 4 (Cape Coral) | SD"},{"id":"SportsDonkeystream_7_229","title":"US: FOX 4 (Dallas) | HD"},{"id":"SportsDonkeystream_7_230","title":"US: FOX 4 (Kansas) | HD"},{"id":"SportsDonkeystream_7_231","title":"US: Fox 4 More 27 (Dallas) | HD"},{"id":"SportsDonkeystream_7_232","title":"US: FOX 40 (California) | HD"},{"id":"SportsDonkeystream_7_233","title":"US: FOX 40 (Jackson) | SD"},{"id":"SportsDonkeystream_7_234","title":"US: FOX 42 (Omaha) | HD"},{"id":"SportsDonkeystream_7_235","title":"US: FOX 43 (Harrisburg) | SD"},{"id":"SportsDonkeystream_7_236","title":"US: FOX 43 (Knoxville) | SD"},{"id":"SportsDonkeystream_7_237","title":"US: FOX 43 (Virginia) | HD"},{"id":"SportsDonkeystream_7_238","title":"US: FOX 44 (Baton Rouge) | HD"},{"id":"SportsDonkeystream_7_239","title":"US: FOX 44 (Burlington) | HD"},{"id":"SportsDonkeystream_7_240","title":"US: FOX 44 (Evansville) | SD"},{"id":"SportsDonkeystream_7_241","title":"US: FOX 44 (Waco) | HD"},{"id":"SportsDonkeystream_7_242","title":"US: FOX 45 (Baltimore) | HD"},{"id":"SportsDonkeystream_7_243","title":"US: FOX 45 (Ohio) | HD"},{"id":"SportsDonkeystream_7_244","title":"US: FOX 45 (Phoenix) | HD"},{"id":"SportsDonkeystream_7_245","title":"US: FOX 46 (Charlotte) | HD"},{"id":"SportsDonkeystream_7_246","title":"US: FOX 47 (Madison)  | HD"},{"id":"SportsDonkeystream_7_247","title":"US: FOX 49 (Louisville) | SD"},{"id":"SportsDonkeystream_7_248","title":"US: FOX 49 (Osage Beach) | HD"},{"id":"SportsDonkeystream_7_249","title":"US: FOX 49 (Tallahassee) | SD"},{"id":"SportsDonkeystream_7_250","title":"US: FOX 5 (Atlanta) | HD"},{"id":"SportsDonkeystream_7_251","title":"US: FOX 5 (New York) | HD"},{"id":"SportsDonkeystream_7_252","title":"US: FOX 5 (San Diego) | HD"},{"id":"SportsDonkeystream_7_253","title":"US: FOX 5 (Washington) | HD"},{"id":"SportsDonkeystream_7_254","title":"US: FOX 5 PLUS (Washington DC) | HD"},{"id":"SportsDonkeystream_7_255","title":"US: FOX 50 (Raleigh) | HD"},{"id":"SportsDonkeystream_7_256","title":"US: FOX 51 (Gainesville) | HD"},{"id":"SportsDonkeystream_7_257","title":"US: FOX 51 (Longview) | SD"},{"id":"SportsDonkeystream_7_258","title":"US: FOX 51 (Ocala) | HD"},{"id":"SportsDonkeystream_7_259","title":"US: FOX 53 (Pittsburgh) | HD"},{"id":"SportsDonkeystream_7_260","title":"US: FOX 54 (Augusta) | HD"},{"id":"SportsDonkeystream_7_261","title":"US: FOX 54 (Huntsville) | HD"},{"id":"SportsDonkeystream_7_262","title":"US: FOX 55 (Fort Wayne) | HD"},{"id":"SportsDonkeystream_7_263","title":"US: FOX 55 (Illinois) | HD"},{"id":"SportsDonkeystream_7_264","title":"US: FOX 55 (Rock Hill) | HD"},{"id":"SportsDonkeystream_7_265","title":"US: FOX 56 (Hazleton) | SD"},{"id":"SportsDonkeystream_7_266","title":"US: FOX 56 (Lexington) | HD"},{"id":"SportsDonkeystream_7_267","title":"US: FOX 57 (Columbia) | HD"},{"id":"SportsDonkeystream_7_268","title":"US: FOX 59 (Indianapolis) | HD"},{"id":"SportsDonkeystream_7_269","title":"US: FOX 6 (Birmingham) | SD"},{"id":"SportsDonkeystream_7_270","title":"US: FOX 6 (Milwaukee) | HD"},{"id":"SportsDonkeystream_7_271","title":"US: FOX 61 (Hartford) | HD"},{"id":"SportsDonkeystream_7_272","title":"US: FOX 62 (Youngstown) | HD"},{"id":"SportsDonkeystream_7_273","title":"US: FOX 35 (Orlando) | HD"},{"id":"SportsDonkeystream_7_274","title":"US: FOX 66 (Flint) | SD"},{"id":"SportsDonkeystream_7_275","title":"US: FOX 68 (Syracuse) | HD"},{"id":"SportsDonkeystream_7_276","title":"US: FOX 7 (Austin) | HD"},{"id":"SportsDonkeystream_7_277","title":"US: FOX 7 (Miami) | HD"},{"id":"SportsDonkeystream_7_278","title":"US: FOX 7 (Sioux Falls) | SD"},{"id":"SportsDonkeystream_7_279","title":"US: FOX 8 (Cleveland) | HD"},{"id":"SportsDonkeystream_7_280","title":"US: FOX 8 (Greensboro) | HD"},{"id":"SportsDonkeystream_7_281","title":"US: FOX 8 (New Orleans) | HD"},{"id":"SportsDonkeystream_7_282","title":"US: FOX 9 (Boise) | SD"},{"id":"SportsDonkeystream_7_283","title":"US: FOX 9 (Minneapolis) | HD"},{"id":"SportsDonkeystream_7_284","title":"US: FOX 9 (Secaucus) | HD"},{"id":"SportsDonkeystream_7_285","title":"US: FOX 9 Plus (Minneapolis) | HD"},{"id":"SportsDonkeystream_7_286","title":"US: FOX My 20 Vision (Houston) | HD"},{"id":"SportsDonkeystream_7_287","title":"US: MY20 (Houston) | HD"},{"id":"SportsDonkeystream_7_288","title":"US: MY50 (Chicago) | HD"},{"id":"SportsDonkeystream_7_289","title":"US: MY9 (New York) | HD"},{"id":"SportsDonkeystream_7_290","title":"US: NBC 10 (Boston MA) | HD"},{"id":"SportsDonkeystream_7_291","title":"US: NBC 10 (Columbia SC) | HD"},{"id":"SportsDonkeystream_7_292","title":"US: NBC 10 (Hampton VA) | HD"},{"id":"SportsDonkeystream_7_293","title":"US: NBC 10 (Knoxville TN) | HD"},{"id":"SportsDonkeystream_7_294","title":"US: NBC 10 (Lansing MI) | HD"},{"id":"SportsDonkeystream_7_295","title":"US: NBC 10 (Philadelphia PA) | HD"},{"id":"SportsDonkeystream_7_296","title":"US: NBC 10 (Roanoke VA) | HD"},{"id":"SportsDonkeystream_7_297","title":"US: NBC 10 (Rochester NY) | HD"},{"id":"SportsDonkeystream_7_298","title":"US: NBC 11 (Atlanta) | HD"},{"id":"SportsDonkeystream_7_299","title":"US: NBC 11 (Baltimore MD) | HD"},{"id":"SportsDonkeystream_7_300","title":"US: NBC 11 (Minneapolis) | HD"},{"id":"SportsDonkeystream_7_301","title":"US: NBC 11 (Pittsburgh) | HD"},{"id":"SportsDonkeystream_7_302","title":"US: NBC 11 (San Francisco Bay Area) | HD"},{"id":"SportsDonkeystream_7_303","title":"US: NBC 11 (San Francisco) | HD"},{"id":"SportsDonkeystream_7_304","title":"US: NBC 12 (Jacksonville FL) | HD"},{"id":"SportsDonkeystream_7_305","title":"US: NBC 12 (Monthomery AL) | HD"},{"id":"SportsDonkeystream_7_306","title":"US: NBC 12 (Phoenix AZ) | HD"},{"id":"SportsDonkeystream_7_307","title":"US: NBC 12 (Richmond VA) | HD"},{"id":"SportsDonkeystream_7_308","title":"US: NBC 12 (Winston Salem NC) | HD"},{"id":"SportsDonkeystream_7_309","title":"US: NBC 13 (Albany NY) | HD"},{"id":"SportsDonkeystream_7_310","title":"US: NBC 13 (Birmingham AL) | HD"},{"id":"SportsDonkeystream_7_311","title":"US: NBC 13 (Eau Claire WI) | HD"},{"id":"SportsDonkeystream_7_312","title":"US: NBC 13 (honolulu HI) | HD"},{"id":"SportsDonkeystream_7_313","title":"US: NBC 13 (Indianapolis IN) | HD"},{"id":"SportsDonkeystream_7_314","title":"US: NBC 14 (Evansville IN) | HD"},{"id":"SportsDonkeystream_7_315","title":"US: NBC 15 (Madison WI) | HD"},{"id":"SportsDonkeystream_7_316","title":"US: NBC 16 (South Bend IN) | HD"},{"id":"SportsDonkeystream_7_317","title":"US: NBC 17 (Bakersfield CA) | HD"},{"id":"SportsDonkeystream_7_318","title":"US: NBC 17 (Decatur IL) | HD"},{"id":"SportsDonkeystream_7_319","title":"US: NBC 18 (Lexington KY) | HD"},{"id":"SportsDonkeystream_7_320","title":"US: NBC 2 (Buffalo NY) | HD"},{"id":"SportsDonkeystream_7_321","title":"US: NBC 2 (Dayton OH) | HD"},{"id":"SportsDonkeystream_7_322","title":"US: NBC 2 (Fort Myers FL) | HD"},{"id":"SportsDonkeystream_7_323","title":"US: NBC 2 (Houston TX) | HD"},{"id":"SportsDonkeystream_7_324","title":"US: NBC 2 (Orlando) | HD"},{"id":"SportsDonkeystream_7_325","title":"US: NBC 2 (Tulsa OK) | HD"},{"id":"SportsDonkeystream_7_326","title":"US: NBC 2 (Winter Park FL) | HD"},{"id":"SportsDonkeystream_7_327","title":"US: NBC 21 (Fort Wayne IN) | HD"},{"id":"SportsDonkeystream_7_328","title":"US: NBC 21 (Youngstown OH) | HD"},{"id":"SportsDonkeystream_7_329","title":"US: NBC 22 (Springfield MA) | HD"},{"id":"SportsDonkeystream_7_330","title":"US: NBC 23 (Brownsville TX) | HD"},{"id":"SportsDonkeystream_7_331","title":"US: NBC 23 (Tri Cities WA) | HD"},{"id":"SportsDonkeystream_7_332","title":"US: NBC 24 (Fresno CA) | HD"},{"id":"SportsDonkeystream_7_333","title":"US: NBC 25 (Bloomington IL) | HD"},{"id":"SportsDonkeystream_7_334","title":"US: NBC 26 (Augusta GA) | HD"},{"id":"SportsDonkeystream_7_335","title":"US: NBC 26 (Green Bay WI) | HD"},{"id":"SportsDonkeystream_7_336","title":"US: NBC 28 (wilkes barre PA) | HD"},{"id":"SportsDonkeystream_7_337","title":"US: NBC 3 (Cleveland OH) | HD"},{"id":"SportsDonkeystream_7_338","title":"US: NBC 3 (Huntington WV) | HD"},{"id":"SportsDonkeystream_7_339","title":"US: NBC 3 (Jackson MS) | HD"},{"id":"SportsDonkeystream_7_340","title":"US: NBC 3 (Louisville KY) | HD"},{"id":"SportsDonkeystream_7_341","title":"US: NBC 3 (Sacramento CA) | HD"},{"id":"SportsDonkeystream_7_342","title":"US: NBC 3 (Savannah GA) | HD"},{"id":"SportsDonkeystream_7_343","title":"US: NBC 3 (Springfield MO) | HD"},{"id":"SportsDonkeystream_7_344","title":"US: NBC 30 (Hartford CT) | HD"},{"id":"SportsDonkeystream_7_345","title":"US: NBC 32 (Myrtle Beach SC) | HD"},{"id":"SportsDonkeystream_7_346","title":"US: NBC 36 (Austin TX) | HD"},{"id":"SportsDonkeystream_7_347","title":"US: NBC 36 (Charlotte NC) | HD"},{"id":"SportsDonkeystream_7_348","title":"US: NBC 38 (Columbus GA) | HD"},{"id":"SportsDonkeystream_7_349","title":"US: NBC 4 (Albuquerque NM) | HD"},{"id":"SportsDonkeystream_7_350","title":"US: NBC 4 (Columbus OH) | HD"},{"id":"SportsDonkeystream_7_351","title":"US: NBC 4 (Detroit) | HD"},{"id":"SportsDonkeystream_7_352","title":"US: NBC 4 (Greenville SC) | HD"},{"id":"SportsDonkeystream_7_353","title":"US: NBC 4 (Hastings NE) | HD"},{"id":"SportsDonkeystream_7_354","title":"US: NBC 4 (Little Rock AR) | HD"},{"id":"SportsDonkeystream_7_355","title":"US: NBC 4 (Los Angeles CA) | HD"},{"id":"SportsDonkeystream_7_356","title":"US: NBC 4 (Milwaukee WI) | HD"},{"id":"SportsDonkeystream_7_357","title":"US: NBC 4 (Nashville TN) | HD"},{"id":"SportsDonkeystream_7_358","title":"US: NBC 4 (New York NY) | HD"},{"id":"SportsDonkeystream_7_359","title":"US: NBC 4 (New York) | HD"},{"id":"SportsDonkeystream_7_360","title":"US: NBC 4 (San Antonio TX) | HD"},{"id":"SportsDonkeystream_7_361","title":"US: NBC 4 (tucson AZ) | HD"},{"id":"SportsDonkeystream_7_362","title":"US: NBC 4 (Washington DC) | HD"},{"id":"SportsDonkeystream_7_363","title":"US: NBC 41 (Kansas City MO) | HD"},{"id":"SportsDonkeystream_7_364","title":"US: NBC 46 (Sioux City IA) | SD"},{"id":"SportsDonkeystream_7_365","title":"US: NBC 48 (Hunstville AL) | HD"},{"id":"SportsDonkeystream_7_366","title":"US: NBC 5 (Chicago) | HD"},{"id":"SportsDonkeystream_7_367","title":"US: NBC 5 (Cincinnati) | HD"},{"id":"SportsDonkeystream_7_368","title":"US: NBC 5 (Colorado Springs CO) | HD"},{"id":"SportsDonkeystream_7_369","title":"US: NBC 5 (Dallas TX) | HD"},{"id":"SportsDonkeystream_7_370","title":"US: NBC 5 (Memphis TN) | HD"},{"id":"SportsDonkeystream_7_371","title":"US: NBC 5 (Plattsburgh NY) | HD"},{"id":"SportsDonkeystream_7_372","title":"US: NBC 5 (Raleigh NC) | HD"},{"id":"SportsDonkeystream_7_373","title":"US: NBC 5 (Salt Lake City) | HD"},{"id":"SportsDonkeystream_7_374","title":"US: NBC 5 (Seattle WA) | HD"},{"id":"SportsDonkeystream_7_375","title":"US: NBC 5 (St. Louis MO) | HD"},{"id":"SportsDonkeystream_7_376","title":"US: NBC 5 (West Palm Beach FL) | HD"},{"id":"SportsDonkeystream_7_377","title":"US: NBC 56 (Jacksonville TX) | HD"},{"id":"SportsDonkeystream_7_378","title":"US: NBC 6 (Bluefield VA) | HD"},{"id":"SportsDonkeystream_7_379","title":"US: NBC 6 (Corpus Christi TX) | HD"},{"id":"SportsDonkeystream_7_380","title":"US: NBC 6 (Davenport IA) | HD"},{"id":"SportsDonkeystream_7_381","title":"US: NBC 6 (Miami FL) | HD"},{"id":"SportsDonkeystream_7_382","title":"US: NBC 6 (New Orleans LA) | HD"},{"id":"SportsDonkeystream_7_383","title":"US: NBC 6 (Omaha NE) | HD"},{"id":"SportsDonkeystream_7_384","title":"US: NBC 6 (Paducah KY) | HD"},{"id":"SportsDonkeystream_7_385","title":"US: NBC 6 (Portland ME) | HD"},{"id":"SportsDonkeystream_7_386","title":"US: NBC 6 (Santa Barbara CA) | HD"},{"id":"SportsDonkeystream_7_387","title":"US: NBC 6 (Shreveport LA) | HD"},{"id":"SportsDonkeystream_7_388","title":"US: NBC 6 (South Florida) | HD"},{"id":"SportsDonkeystream_7_389","title":"US: NBC 6 (Spokane WA) | HD"},{"id":"SportsDonkeystream_7_390","title":"US: NBC 6 (Temple TX) | HD"},{"id":"SportsDonkeystream_7_391","title":"US: NBC 6 (Wilmington NC) | HD"},{"id":"SportsDonkeystream_7_392","title":"US: NBC 62 (Boston MA) | HD"},{"id":"SportsDonkeystream_7_393","title":"US: NBC 7 (Boise ID) | HD"},{"id":"SportsDonkeystream_7_394","title":"US: NBC 7 (Greenville NC) | HD"},{"id":"SportsDonkeystream_7_395","title":"US: NBC 7 (Panama City FL) | HD"},{"id":"SportsDonkeystream_7_396","title":"US: NBC 7 (San Diego CA) | HD"},{"id":"SportsDonkeystream_7_397","title":"US: NBC 7 (Waterloo IA) | HD"},{"id":"SportsDonkeystream_7_398","title":"US: NBC 8 (Grand Rapids MI) | HD"},{"id":"SportsDonkeystream_7_399","title":"US: NBC 8 (Lancaster PA) | HD"},{"id":"SportsDonkeystream_7_400","title":"US: NBC 8 (Portland OR) | HD"},{"id":"SportsDonkeystream_7_401","title":"US: NBC 8 (Portland) | HD"},{"id":"SportsDonkeystream_7_402","title":"US: NBC 8 (Tampa FL)  | HD"},{"id":"SportsDonkeystream_7_403","title":"US: NBC 9 (Denver CO) | HD"},{"id":"SportsDonkeystream_7_404","title":"US: NBC 9 (El Paso TX) | HD"},{"id":"SportsDonkeystream_7_405","title":"US: NBCSN CALIFORNIA | HD"},{"id":"SportsDonkeystream_7_406","title":"US: NBCSN CHICAGO | HD"},{"id":"SportsDonkeystream_7_407","title":"US: NESN BOSTON | HD"},{"id":"SportsDonkeystream_7_408","title":"US: Telemundo 25 (Denver) | HD"},{"id":"SportsDonkeystream_7_409","title":"US: Telemundo 39 (Dallas) | HD"},{"id":"SportsDonkeystream_7_410","title":"US: Telemundo 39 (Las Vegas) | HD"},{"id":"SportsDonkeystream_7_411","title":"US: Telemundo 39 (Phoenix) | HD"},{"id":"SportsDonkeystream_7_412","title":"US: Telemundo 40 (Rio Grande City) | HD"},{"id":"SportsDonkeystream_7_413","title":"US: Telemundo 40 (Tucson) | HD"},{"id":"SportsDonkeystream_7_414","title":"US: Telemundo 47 (Houston) | HD"},{"id":"SportsDonkeystream_7_415","title":"US: Telemundo 51 (Fresno) | HD"},{"id":"SportsDonkeystream_7_416","title":"US: Telemundo 51 (Miami) | HD"},{"id":"SportsDonkeystream_7_417","title":"US: Telemundo 60 (San Antonio) | HD"},{"id":"SportsDonkeystream_7_418","title":"US: UNIVERSAL KIDS WEST | HD"},{"id":"SportsDonkeystream_7_419","title":"US: KTLA 5 LOS ANGELES | HD"},{"id":"SportsDonkeystream_7_420","title":"US: FOX 5 (Los Angeles) | HD"},{"id":"SportsDonkeystream_7_421","title":"US: ABC 16 (Jackson MS) | HD"},{"id":"SportsDonkeystream_7_422","title":"US: FOX 21 (Greenville SC) | HD"},{"id":"SportsDonkeystream_7_423","title":"US: FOX 7 WSVN (Miami) | HD"},{"id":"SportsDonkeystream_7_424","title":"US: ABC 68 (Birmingham) | HD"},{"id":"SportsDonkeystream_7_425","title":"US: CW21 (Birmingham) | HD"},{"id":"SportsDonkeystream_7_426","title":"US: ABC 13 (Asheville) | HD"},{"id":"SportsDonkeystream_7_427","title":"US: ABC 17 (Jefferson City) | HD"},{"id":"SportsDonkeystream_7_428","title":"US: ABC 25 (Bryan) | HD"},{"id":"SportsDonkeystream_7_429","title":"US: ABC 4 (Battle Creek) | HD"},{"id":"SportsDonkeystream_7_430","title":"US: ABC 13 (Grand Rapids) | HD"},{"id":"SportsDonkeystream_7_431","title":"US: ABC 7 (Buffalo) | HD"},{"id":"SportsDonkeystream_7_432","title":"US: ABC 2 (Green Bay) | HD"},{"id":"SportsDonkeystream_7_433","title":"US: ABC 3 (Illinois) | HD"},{"id":"SportsDonkeystream_7_434","title":"US: ABC 8 (Tulsa) | HD"},{"id":"SportsDonkeystream_7_435","title":"US: ABC 36 (Lexington) | HD"},{"id":"SportsDonkeystream_7_436","title":"US: ABC 24 (Austin) | HD"},{"id":"SportsDonkeystream_7_437","title":"US: ABC 7 (Sarasota) | HD"},{"id":"SportsDonkeystream_7_438","title":"US: ABC 7 (New Mexico) | HD"},{"id":"SportsDonkeystream_7_439","title":"US: ABC 28 (Lubbock) | HD"},{"id":"SportsDonkeystream_7_440","title":"US: ABC 13 (Lubbock) | HD"},{"id":"SportsDonkeystream_7_441","title":"US: ABC 9 (Manchester) | HD"},{"id":"SportsDonkeystream_7_442","title":"US: ABC 4 (Charleston) | HD"},{"id":"SportsDonkeystream_7_443","title":"US: ABC 7 (El Paso) | HD"},{"id":"SportsDonkeystream_7_444","title":"US: ABC 25 (Jacksonville) | HD"},{"id":"SportsDonkeystream_7_445","title":"US: ABC 3 (Pensacola) | HD"},{"id":"SportsDonkeystream_7_446","title":"US: ABC 8 (Richmond) | HD"},{"id":"SportsDonkeystream_7_447","title":"US: ABC 8 (Charleston) | HD"},{"id":"SportsDonkeystream_7_448","title":"US: ABC 10 (Albany) | HD"},{"id":"SportsDonkeystream_7_449","title":"US: ABC 4 (Honolulu) | HD"},{"id":"SportsDonkeystream_7_450","title":"US: ABC 9 (Syracuse) | HD"},{"id":"SportsDonkeystream_7_451","title":"US: ABC 45 (Winston-Salem) | HD"},{"id":"SportsDonkeystream_7_452","title":"US: ABC 24 (Memphis) | HD"},{"id":"SportsDonkeystream_7_453","title":"US: ABC 2 (Baton Rouge) | HD"},{"id":"SportsDonkeystream_7_454","title":"US: ABC 13 (Las Vagas) | HD"},{"id":"SportsDonkeystream_7_455","title":"US: ABC 7 (Fort Myers) | HD"},{"id":"SportsDonkeystream_7_456","title":"US: ABC 7 (Cedar Rapids) | HD"},{"id":"SportsDonkeystream_7_457","title":"US: ABC 27 (Harrisburg) | HD"},{"id":"SportsDonkeystream_7_458","title":"US: ABC 31 (Huntsville) | HD"},{"id":"SportsDonkeystream_7_459","title":"US: ABC 40/29 (Fort Smith) | HD"},{"id":"SportsDonkeystream_7_460","title":"US: ABC 5 (Oklahoma Cityl) | HD"},{"id":"SportsDonkeystream_7_461","title":"US: ABC 27 (Madison) | HD"},{"id":"SportsDonkeystream_7_462","title":"US: ABC 22 (Dayton) | HD"},{"id":"SportsDonkeystream_7_463","title":"US: ABC 13 (Hampton Roads) | HD"},{"id":"SportsDonkeystream_7_464","title":"US: ABC 13 (Anchorage) | HD"},{"id":"SportsDonkeystream_7_465","title":"US: ABC 20 (Gainesville) | HD"},{"id":"SportsDonkeystream_7_466","title":"US: ABC 3 (Shreveport) | HD"},{"id":"SportsDonkeystream_7_467","title":"US: ABC 8 (New Haven) | HD"},{"id":"SportsDonkeystream_7_468","title":"US: CW 14 (Green Bay) | HD"},{"id":"SportsDonkeystream_7_469","title":"US: CW11 (Seattle) | HD"},{"id":"SportsDonkeystream_7_470","title":"US: CW15 (Albany) | HD"},{"id":"SportsDonkeystream_7_471","title":"US: CW18 (Milwaukee) | HD"},{"id":"SportsDonkeystream_7_472","title":"US: CW19 (Pittsburgh) | HD"},{"id":"SportsDonkeystream_7_473","title":"US: CW22 (Raleigh) | HD"},{"id":"SportsDonkeystream_7_474","title":"US: CW23 (Saint Paul) | HD"},{"id":"SportsDonkeystream_7_475","title":"US: CW31 (Sacramento) | HD"},{"id":"SportsDonkeystream_7_476","title":"US: CW33 (Las Vagas) | HD"},{"id":"SportsDonkeystream_7_477","title":"US: CW34 (Oklahoma City) | HD"},{"id":"SportsDonkeystream_7_478","title":"US: CW35 (San Antonio) | HD"},{"id":"SportsDonkeystream_7_479","title":"US: CW38 (Wilkes-Barre) | HD"},{"id":"SportsDonkeystream_7_480","title":"US: CW44 (San Francisco) | HD"},{"id":"SportsDonkeystream_7_481","title":"US: CW44 (St. Petersburg) | HD"},{"id":"SportsDonkeystream_7_482","title":"US: CW5 (Los Angeles) | HD"},{"id":"SportsDonkeystream_7_483","title":"US: CW50 (Detroit) | HD"},{"id":"SportsDonkeystream_7_484","title":"US: CW53 (Columbus) | HD"},{"id":"SportsDonkeystream_7_485","title":"US: CW54 (Baltimore) | HD"},{"id":"SportsDonkeystream_7_486","title":"US: CW57 (Philadelphia) | HD"},{"id":"SportsDonkeystream_7_487","title":"US: CW58 (Nashville) | HD"},{"id":"SportsDonkeystream_7_488","title":"US: CW69 (Atlanta) | HD"},{"id":"SportsDonkeystream_7_489","title":"US: MY 25 (Alabama) | HD"},{"id":"SportsDonkeystream_7_490","title":"US: MY 30 (Nashville) | HD"},{"id":"SportsDonkeystream_7_491","title":"US: MY 40 (Carolina) | HD"},{"id":"SportsDonkeystream_7_492","title":"US: MY 48 (Greensboro) | HD"},{"id":"SportsDonkeystream_7_493","title":"US: MY 49 (Buffalo) | HD"},{"id":"SportsDonkeystream_7_494","title":"US: MY 49 (Paducah) | HD"},{"id":"SportsDonkeystream_7_495","title":"US: MY 53 (Williamsport) | HD"},{"id":"SportsDonkeystream_7_496","title":"US: MY 62 (Kansas City) | HD"},{"id":"SportsDonkeystream_7_497","title":"US: MY33 (Hampton Roads) | HD"},{"id":"SportsDonkeystream_7_498","title":"US: MY33 (Miami) | HD"},{"id":"SportsDonkeystream_7_499","title":"US: MY38 (Boston) | HD"},{"id":"SportsDonkeystream_7_500","title":"US: MY45 (Phoenix) | HD"},{"id":"SportsDonkeystream_7_501","title":"US: MY9 (New Jersey) | HD"},{"id":"SportsDonkeystream_7_502","title":"US: FOX 21 (Asheville) | HD"},{"id":"SportsDonkeystream_7_503","title":"US: FOX 22 (Jefferson City) | HD"},{"id":"SportsDonkeystream_7_504","title":"US: FOX 10 (Alabama) | HD"},{"id":"SportsDonkeystream_7_505","title":"US: FOX 28 (Cedar Rapids) | HD"},{"id":"SportsDonkeystream_7_506","title":"US: FOX 5 (Las Vagas) | HD"},{"id":"SportsDonkeystream_7_507","title":"US: FOX 24 (Fort Smith) | HD"},{"id":"SportsDonkeystream_7_508","title":"US: FOX 4 (Anchorage) | HD"},{"id":"SportsDonkeystream_7_509","title":"US: FOX 34 (Eugene) | HD"},{"id":"SportsDonkeystream_7_510","title":"US: FOX 40 (Springfield) | HD"},{"id":"SportsDonkeystream_7_511","title":"US: FOX 41 (Yakima) | HD"},{"id":"SportsDonkeystream_7_512","title":"US: CBS 13 (Jefferson City) | HD"},{"id":"SportsDonkeystream_7_513","title":"US: CBS 3 (Bryan) | HD"},{"id":"SportsDonkeystream_7_514","title":"US: CBS 22 (Anchorage) | HD"},{"id":"SportsDonkeystream_7_515","title":"US: NBC 4 (Washington DC) | SD"},{"id":"SportsDonkeystream_7_516","title":"US: NBC 11 (Lubbock) | HD"},{"id":"SportsDonkeystream_7_517","title":"US: NBC 15 (Alabama) | HD"},{"id":"SportsDonkeystream_7_518","title":"US: NBC 2 (Anchorage) | HD"},{"id":"SportsDonkeystream_7_519","title":"US: NBC 2 (Charleston) | HD"},{"id":"SportsDonkeystream_7_520","title":"US: NBC 23 (Bryan) | HD"},{"id":"SportsDonkeystream_7_521","title":"US: NBC 3 (Syracuse) | HD"},{"id":"SportsDonkeystream_7_522","title":"US: NBC 33 (Baton Rouge) | HD"},{"id":"SportsDonkeystream_7_523","title":"US: NBC 51 (Fort Smith) | HD"},{"id":"SportsDonkeystream_7_524","title":"US: NBC 8 (Jefferson City) | HD"},{"id":"SportsDonkeystream_7_525","title":"US: MyNet (Charleston) | HD"},{"id":"SportsDonkeystream_7_526","title":"US: MyNet (Harrisburg) | HD"},{"id":"SportsDonkeystream_7_527","title":"US: MyNet (Las Vagas) | HD"},{"id":"SportsDonkeystream_7_528","title":"US: TELEMUNDO 3 (Yuma) | HD"},{"id":"SportsDonkeystream_7_529","title":"US: TELEMUNDO 11 (Pendleton) | HD"},{"id":"SportsDonkeystream_7_530","title":"US: TELEMUNDO 25 (Tulsa) | HD"},{"id":"SportsDonkeystream_7_531","title":"US: TELEMUNDO 21 (St. Joseph) | HD"},{"id":"SportsDonkeystream_7_532","title":"US: TELEMUNDO 33 (San Luis Obispo) | HD"},{"id":"SportsDonkeystream_7_533","title":"US: TELEMUNDO 15 (Indio) | HD"},{"id":"SportsDonkeystream_7_534","title":"US: TELEMUNDO 30 (Oklahoma City) | HD"},{"id":"SportsDonkeystream_7_535","title":"US: TELEMUNDO 42 (New Orleans) | HD"},{"id":"SportsDonkeystream_7_536","title":"US: TELEMUNDO 23 (Monterey) | HD"},{"id":"SportsDonkeystream_7_537","title":"US: TELEMUNDO 19 (Medford) | HD"},{"id":"SportsDonkeystream_7_538","title":"US: TELEMUNDO 27 (Lincoln) | HD"},{"id":"SportsDonkeystream_7_539","title":"US: TELEMUNDO 8 (Idaho Falls) | HD"},{"id":"SportsDonkeystream_7_540","title":"US: TELEMUNDO 24 (Chico-Redding) | HD"},{"id":"SportsDonkeystream_7_541","title":"US: TELEMUNDO 20 (Bend) | HD"},{"id":"SportsDonkeystream_7_542","title":"US: TELEMUNDO 2 (Albuquerque) | HD"},{"id":"SportsDonkeystream_7_543","title":"US: PBS 13 (New York) | HD"},{"id":"SportsDonkeystream_7_544","title":"US: PBS 17 (Buffalo) | HD"},{"id":"SportsDonkeystream_7_545","title":"US: PBS 10 (Presque Isle) | SD"},{"id":"SportsDonkeystream_7_546","title":"US: Peachtree 17 (Atlanta) | HD"},{"id":"SportsDonkeystream_7_547","title":"US: ION PLUS (New York) | SD"},{"id":"SportsDonkeystream_7_548","title":"US: CBS 13 (Georgia) | SD"},{"id":"SportsDonkeystream_7_549","title":"US: CBS 19 (Tyler) | HD"},{"id":"SportsDonkeystream_7_550","title":"US: CBS 30 (Fargo) | HD"},{"id":"SportsDonkeystream_7_551","title":"US: FOX 30 (Meridian) | HD"},{"id":"SportsDonkeystream_7_552","title":"US: MTV (Alternate) | HD"},{"id":"SportsDonkeystream_7_553","title":"US: MY33 (Fort Lauderdale) | HD"},{"id":"SportsDonkeystream_7_554","title":"US: NBC 40 (Bowling Green) | HD"},{"id":"SportsDonkeystream_7_555","title":"US: NBC 8 ( Lima) | HD"},{"id":"SportsDonkeystream_7_556","title":"US: FOX 16 (Lafayette) | HD"},{"id":"SportsDonkeystream_7_557","title":"US: UNIVISION 13 (Killeen) | HD"},{"id":"SportsDonkeystream_7_558","title":"US: NBC 35 (Alexandria) | HD"},{"id":"SportsDonkeystream_7_559","title":"US: NBC 19 (Amarillo) | HD"},{"id":"SportsDonkeystream_7_560","title":"US: NBC 32 (Little Rock) | HD"},{"id":"SportsDonkeystream_7_561","title":"US: NBC 19 (Superior) | HD"},{"id":"SportsDonkeystream_7_562","title":"US: TELEMUNDO 20 (Paradise) | HD"},{"id":"SportsDonkeystream_7_563","title":"US: NBC (Beaumont) | HD"},{"id":"SportsDonkeystream_7_564","title":"US: FOX 11 (Salinas) | HD"},{"id":"SportsDonkeystream_7_565","title":"US: CBS 4 (Los Angeles) | HD"},{"id":"SportsDonkeystream_7_566","title":"US: ME TV 8 (Des Moines) | HD"},{"id":"SportsDonkeystream_7_567","title":"US: NBC 9 (Temple) | HD"},{"id":"SportsDonkeystream_7_568","title":"US: NBC 19 (Cheyenne) | HD"},{"id":"SportsDonkeystream_7_569","title":"US: CBS ( Sta Maria) | HD"},{"id":"SportsDonkeystream_7_570","title":"US: Fox 13 (Tacoma) | HD"},{"id":"SportsDonkeystream_7_571","title":"US: NBC 35 (Sacramento) | HD"},{"id":"SportsDonkeystream_7_572","title":"US: TELEMUNDO 3 (Sacramento) | HD"},{"id":"SportsDonkeystream_7_573","title":"US: CBS (Kansas) | HD"},{"id":"SportsDonkeystream_7_574","title":"US: NBC 12 (Casper) | HD"},{"id":"SportsDonkeystream_7_575","title":"US: FOX 35 (Dallas) | HD"},{"id":"SportsDonkeystream_7_576","title":"US: CBS 25 (Pittsburgh) | HD"},{"id":"SportsDonkeystream_7_577","title":"US: NBC 21 (Sioux Falls) | HD"},{"id":"SportsDonkeystream_7_578","title":"US: Univision 20 (San Francisco) | HD"},{"id":"SportsDonkeystream_7_579","title":"US: CBS 11 (Sioux Falls) | HD"},{"id":"SportsDonkeystream_7_580","title":"US: CBS (San Antonio) | HD"},{"id":"SportsDonkeystream_7_581","title":"US: NBC 22 (Jacksonville) | HD"},{"id":"SportsDonkeystream_7_582","title":"US: CBS 34 (Austin) | HD"},{"id":"SportsDonkeystream_7_583","title":"US: MNT (Medford) | HD"},{"id":"SportsDonkeystream_7_584","title":"US: TELEMUNDO (Nebraska) | HD"},{"id":"SportsDonkeystream_7_585","title":"US: CBS (San Diego) | HD"},{"id":"SportsDonkeystream_7_586","title":"US: NBC 27 (Oklahoma) | HD"},{"id":"SportsDonkeystream_7_587","title":"US: UNIMAS 34 (Vallejo) | HD"},{"id":"SportsDonkeystream_7_588","title":"US: UNIMAS (Alvin) | HD"},{"id":"SportsDonkeystream_7_589","title":"US: UNIVISION (Hanford) | HD"},{"id":"SportsDonkeystream_7_590","title":"US: CBS (Cape Girardeau) | HD"},{"id":"SportsDonkeystream_7_591","title":"US: FOX 20 (Longview) | HD"},{"id":"SportsDonkeystream_7_592","title":"US: NBC 25 (Bakersfield) | HD"},{"id":"SportsDonkeystream_7_593","title":"US: CBS 23 (Honolulu) | HD"},{"id":"SportsDonkeystream_7_594","title":"US: NBC 7 ( Lander) | HD"},{"id":"SportsDonkeystream_7_595","title":"US: NBC 35 (Honolulu) | HD"},{"id":"SportsDonkeystream_7_596","title":"US: FOX 8 (Honolulu) | HD"},{"id":"SportsDonkeystream_7_597","title":"US: TELEMUNDO 16 (Tucson) | HD"},{"id":"SportsDonkeystream_7_598","title":"US: NBC 25 (Seattle) | HD"},{"id":"SportsDonkeystream_7_599","title":"US: CBS (Monterey) | HD"},{"id":"SportsDonkeystream_7_600","title":"US: NBC 8 (Tulsa) | HD"},{"id":"SportsDonkeystream_7_601","title":"US: NBC 9 (Grand Junction) | HD"},{"id":"SportsDonkeystream_7_602","title":"US: FOX 24 (San Luis Obispo) | HD"},{"id":"SportsDonkeystream_7_603","title":"US: CBS (Colorado Springs) | HD"},{"id":"SportsDonkeystream_7_604","title":"US: NBC 14 (La Fayette) | HD"},{"id":"SportsDonkeystream_7_605","title":"US: CBS 7 (Las Vegas) | HD"},{"id":"SportsDonkeystream_7_606","title":"US: FOX 18 (Davenport) | HD"},{"id":"SportsDonkeystream_7_607","title":"US: FOX 30 (Little Rock) | HD"},{"id":"SportsDonkeystream_7_608","title":"US: FOX (Eugene) | HD"},{"id":"SportsDonkeystream_7_609","title":"US: CBS 24 (St. Louis) | HD"},{"id":"SportsDonkeystream_7_610","title":"US: FOX 25 (Tucson) | HD"},{"id":"SportsDonkeystream_7_611","title":"US: FOX 34 (Shreveport) | HD"},{"id":"SportsDonkeystream_7_612","title":"US: NBC 17 (Eugene) | HD"},{"id":"SportsDonkeystream_7_613","title":"US: CBS 31 (Omaha) | HD"},{"id":"SportsDonkeystream_7_614","title":"US: NBC 36 (Los Angeles) | HD"},{"id":"SportsDonkeystream_7_615","title":"US: NBC 16 (Yakima) | HD"},{"id":"SportsDonkeystream_7_616","title":"US: FOX (Caldwell) | HD"},{"id":"SportsDonkeystream_7_617","title":"US: NBC 17 (San Diego) | HD"},{"id":"SportsDonkeystream_7_618","title":"US: TELEMUNDO 11 (Merced) | HD"},{"id":"SportsDonkeystream_7_619","title":"US: NBC 12 (San Jose) | HD"},{"id":"SportsDonkeystream_7_620","title":"US: NCB 20 (Chico) | HD"},{"id":"SportsDonkeystream_7_621","title":"US: NBC 16 (Pueblo) | HD"},{"id":"SportsDonkeystream_7_622","title":"US: EYEWITNESS NEWS 4 (Albuquerque) | HD"},{"id":"SportsDonkeystream_7_623","title":"US: CBS 25 (Stockton) | HD"},{"id":"SportsDonkeystream_7_624","title":"US: CBS 17 (Phoenix) | HD"},{"id":"SportsDonkeystream_7_625","title":"US: CbS 5 (San Francisco) | HD"},{"id":"SportsDonkeystream_7_626","title":"US: NBC 35 (Houston) | HD"},{"id":"SportsDonkeystream_7_627","title":"US: FOX (Portland) | HD"},{"id":"SportsDonkeystream_7_628","title":"US: NBC (Ablien) | HD"},{"id":"SportsDonkeystream_7_629","title":"US: FOX 22 (Osage Beach) | HD"},{"id":"SportsDonkeystream_7_630","title":"US: CBS 20 (Spokane) | HD"},{"id":"SportsDonkeystream_7_631","title":"US: CBS 13 (Albuquerque) | HD"},{"id":"SportsDonkeystream_7_632","title":"US: FOX 10 (Phoenix) | HD"},{"id":"SportsDonkeystream_7_633","title":"US: NBC 15 (San Luis Obispo) | HD"},{"id":"SportsDonkeystream_7_634","title":"US: NBC 35 ( St. Louis) | HD"},{"id":"SportsDonkeystream_7_635","title":"US: NBC 20 (Fresno) | HD"},{"id":"SportsDonkeystream_7_636","title":"US: NBC 36 (Kansas) | HD"},{"id":"SportsDonkeystream_7_637","title":"US: NBC 17 (Shreveport) | HD"},{"id":"SportsDonkeystream_7_638","title":"US: CBS 17 (Shreveport) | HD"},{"id":"SportsDonkeystream_7_639","title":"US: NBC 4 (Superior) | HD"},{"id":"SportsDonkeystream_7_640","title":"US: NBC 14 (Las Vegas) | HD"},{"id":"SportsDonkeystream_7_641","title":"US: UNIMAS 34 (Irving) | HD"},{"id":"SportsDonkeystream_7_642","title":"US: TELEMUNDO 19 (San Jose) | HD"},{"id":"SportsDonkeystream_7_643","title":"US: FOX 28 (Salt Lake City) | HD"},{"id":"SportsDonkeystream_7_644","title":"US: FOX 26 (San Diego) | HD"},{"id":"SportsDonkeystream_7_645","title":"US: NBC 26 (Texarkana) | HD"},{"id":"SportsDonkeystream_7_646","title":"US: TELEMUNDO (Phoenix) | HD"},{"id":"SportsDonkeystream_7_647","title":"US: UNIMAS 23 (Austin) | HD"},{"id":"SportsDonkeystream_7_648","title":"US: NBC 20 (Twin Falls) | HD"},{"id":"SportsDonkeystream_7_649","title":"US: NBC (Great Falls) | HD"},{"id":"SportsDonkeystream_7_650","title":"US: CBS 12 (Little Rock) | HD"},{"id":"SportsDonkeystream_7_651","title":"﻿US: NBC 14 (Sioux City) | HD"},{"id":"SportsDonkeystream_7_652","title":"US: TELEMUNDO 14 (Rio Grande) | HD"},{"id":"SportsDonkeystream_7_653","title":"US: FOX 26 (Oakland) | HD"},{"id":"SportsDonkeystream_7_654","title":"US: FOX 22 (Sacramento) | HD"},{"id":"SportsDonkeystream_7_655","title":"US: NBC 11 (Billings) | HD"},{"id":"SportsDonkeystream_7_656","title":"US: TELEMUNDO (Tulsa) | HD"},{"id":"SportsDonkeystream_7_657","title":"US: CBS 34 (Salt Lake City) | HD"},{"id":"SportsDonkeystream_7_658","title":"US: UNIVISION 11 (Fort Worth) | HD"},{"id":"SportsDonkeystream_7_659","title":"US: UNIVISION (Modesto) | HD"},{"id":"SportsDonkeystream_7_660","title":"US: TELEMUNDO 15 (San Antonio) | HD"},{"id":"SportsDonkeystream_7_661","title":"US: TELEMUNDO 25 (Corona) | HD"},{"id":"SportsDonkeystream_7_662","title":"US: NBC 23 (Tucson) | HD"},{"id":"SportsDonkeystream_7_663","title":"US: FOX 9 (Henderson) | HD"},{"id":"SportsDonkeystream_7_664","title":"US: NBC 9 (Odessa) | HD"},{"id":"SportsDonkeystream_7_665","title":"US: FOX 28 (Waco) | HD"},{"id":"SportsDonkeystream_7_666","title":"US: NBC 24 (Fort Worth) | HD"},{"id":"SportsDonkeystream_7_667","title":"US: TELEMUNDO (Lubbock) | HD"},{"id":"SportsDonkeystream_7_668","title":"US: TELEMUNDO 36 (Dallas) | HD"},{"id":"SportsDonkeystream_7_669","title":"US: NBC 19 (Springfield) | HD"},{"id":"SportsDonkeystream_7_670","title":"US: CBS 25 (Selma) | HD"},{"id":"SportsDonkeystream_7_671","title":"US: UNIMAS 24 (Hollywood) | HD"},{"id":"SportsDonkeystream_7_672","title":"US: NBC 36 (Louisville) | HD"},{"id":"SportsDonkeystream_7_673","title":"US: NBC 19 (Portsmouth) | HD"},{"id":"SportsDonkeystream_7_674","title":"US: NBC 11 (Baltimore) | HD"},{"id":"SportsDonkeystream_7_675","title":"US: NBC 15 (Fort Myers) | HD"},{"id":"SportsDonkeystream_7_676","title":"US: NBC 10 (Knoxville) | HD"},{"id":"SportsDonkeystream_7_677","title":"US: CBS 21 (Columbus) | HD"},{"id":"SportsDonkeystream_7_678","title":"US: NBC 12 (Clarksburg) | HD"},{"id":"SportsDonkeystream_7_679","title":"US: FOX 6 (Birmingham) | HD"},{"id":"SportsDonkeystream_7_680","title":"US: CHANNEL 11 (Wilkes) | HD"},{"id":"SportsDonkeystream_7_681","title":"US: CBS 20 (Boston) | HD"},{"id":"SportsDonkeystream_7_682","title":"US: CBS 20 (Burlington) | HD"},{"id":"SportsDonkeystream_7_683","title":"US: NBC 20 (Charleston) | HD"},{"id":"SportsDonkeystream_7_684","title":"US: NBC 14 (Columbus) | HD"},{"id":"SportsDonkeystream_7_685","title":"US: CBS 9 (Charleston) | HD"},{"id":"SportsDonkeystream_7_686","title":"US: NBC 31 (Portland) | HD"},{"id":"SportsDonkeystream_7_687","title":"US: NBC 7 (Laurel) | HD"},{"id":"SportsDonkeystream_7_688","title":"US: CBS 18 (Roanoke) | HD"},{"id":"SportsDonkeystream_7_689","title":"US: FOX 32 (Louisville) | HD"},{"id":"SportsDonkeystream_7_690","title":"US: NBC 19 (New Orleans) | HD"},{"id":"SportsDonkeystream_7_691","title":"US: NBC 31 (Dayton) | HD"},{"id":"SportsDonkeystream_7_692","title":"US: NBC 17 (La Crosse) | HD"},{"id":"SportsDonkeystream_7_693","title":"US: NBC 23 (Wilmington) | HD"},{"id":"SportsDonkeystream_7_694","title":"US: NBC 25 (Peoria) | HD"},{"id":"SportsDonkeystream_7_695","title":"US: NBC 11 (Daytona Beach) | HD"},{"id":"SportsDonkeystream_7_696","title":"US: NBC (Elmira) | HD"},{"id":"SportsDonkeystream_7_697","title":"US: NBC 18 (Saginaw) | HD"},{"id":"SportsDonkeystream_7_698","title":"US: FOX (Palm beach) | HD"},{"id":"SportsDonkeystream_7_699","title":"US: NBC 20 (Youngstown) | HD"},{"id":"SportsDonkeystream_7_700","title":"US: UNIMAS 35 (Philadelphia) | HD"},{"id":"SportsDonkeystream_7_701","title":"US: FOX 34 (Cape Coral) | HD"},{"id":"SportsDonkeystream_7_702","title":"US: UNIMAS 26 (Newark) | HD"},{"id":"SportsDonkeystream_7_703","title":"US: FOX 36 (Myrtle Beach) | HD"},{"id":"SportsDonkeystream_7_704","title":"US: NBC 14 (Green Bay) | HD"},{"id":"SportsDonkeystream_7_705","title":"US: FOX 31 (High Point) | HD"},{"id":"SportsDonkeystream_7_706","title":"US: FOX 36 (Toledo) | HD"},{"id":"SportsDonkeystream_7_707","title":"US: FOX 11 (Reno) | HD"},{"id":"SportsDonkeystream_7_708","title":"US: FOX 43 (Bloomington) | HD"},{"id":"SportsDonkeystream_7_709","title":"US: FOX 47 (Lansing) | HD"},{"id":"SportsDonkeystream_7_710","title":"US: FOX 25 (La Crosse) | HD"},{"id":"SportsDonkeystream_7_711","title":"US: FOX 40 (Jackson) | HD"},{"id":"SportsDonkeystream_7_712","title":"US: FOX 9 (Caldwell) | HD"},{"id":"SportsDonkeystream_7_713","title":"US: FOX 54 (Augusta) | HD"},{"id":"SportsDonkeystream_7_714","title":"US: FOX 43 (York) | HD"},{"id":"SportsDonkeystream_7_715","title":"US: FOX 40 (Sacramento) | HD"},{"id":"SportsDonkeystream_7_716","title":"US: FOX 25 (Boston) | HD"},{"id":"SportsDonkeystream_7_717","title":"US: FOX 27 (Roanoke) | HD"},{"id":"SportsDonkeystream_7_718","title":"US: FOX 43 (Myrtle Beach) | HD"},{"id":"SportsDonkeystream_7_719","title":"US: FOX 2 (Oakland) | HD"},{"id":"SportsDonkeystream_7_720","title":"US: FOX 2 (St. Louis) | HD"},{"id":"SportsDonkeystream_7_721","title":"US: FOX 41 (Louisville) | HD"},{"id":"SportsDonkeystream_7_722","title":"US: FOX 17 (Sioux Falls) | HD"},{"id":"SportsDonkeystream_7_723","title":"US: FOX 35 (Richmond) | HD"},{"id":"SportsDonkeystream_7_724","title":"US: FOX 4 (Cape Coral) | HD"},{"id":"SportsDonkeystream_7_725","title":"US: FOX 51 (Longview) | HD"},{"id":"SportsDonkeystream_7_726","title":"US: FOX 17 (Des Moines) | HD"},{"id":"SportsDonkeystream_7_727","title":"US: FOX 46 (Belmont) | HD"},{"id":"SportsDonkeystream_7_728","title":"US: FOX 64 (Providence) | HD"},{"id":"SportsDonkeystream_7_729","title":"US: FOX 5 (Atlanta) | HD"},{"id":"SportsDonkeystream_7_730","title":"US: FOX 45 (Dayton) | HD"},{"id":"SportsDonkeystream_7_731","title":"US: FOX 56 (Danville) | HD"},{"id":"SportsDonkeystream_7_732","title":"US: FOX 32 (Chicago) | HD"},{"id":"SportsDonkeystream_7_733","title":"US: FOX 21 (Colorado Springs) | HD"},{"id":"SportsDonkeystream_7_734","title":"US: FOX 8 (High Point) | HD"},{"id":"SportsDonkeystream_7_735","title":"US: FOX 19 (Newport) | HD"},{"id":"SportsDonkeystream_7_736","title":"US: FOX 44 (Burlington) | HD"},{"id":"SportsDonkeystream_7_737","title":"US: FOX 4 (Kansas City) | HD"},{"id":"SportsDonkeystream_7_738","title":"US: FOX 16 (Little Rock) | HD"},{"id":"SportsDonkeystream_7_739","title":"US: ABC 25 (Orange Park) | HD"},{"id":"SportsDonkeystream_7_740","title":"US: ABC 8 (Petersburg) | HD"},{"id":"SportsDonkeystream_7_741","title":"US: 3TV | HD"},{"id":"SportsDonkeystream_7_742","title":"US: MY 33 (Las Vegas) | SD"},{"id":"SportsDonkeystream_7_743","title":"US: NBC 10 (Nashua) | HD"},{"id":"SportsDonkeystream_7_744","title":"US: MY 22 (Pittsburg) | UHD"},{"id":"SportsDonkeystream_7_745","title":"US: CBS 5 (Nashville) | UHD  "},{"id":"SportsDonkeystream_7_746","title":"US: CBS 4 (Boston) | UHD  "},{"id":"SportsDonkeystream_7_747","title":"US: CBS 18 (Seattle) | UHD"},{"id":"SportsDonkeystream_7_748","title":"US: CBS 11 (Houston) | UHD"},{"id":"SportsDonkeystream_7_749","title":"US: CBS 19 (Atlanta) | UHD"},{"id":"SportsDonkeystream_7_750","title":"US: CBS 12 (Cincinnati) | UHD"},{"id":"SportsDonkeystream_7_751","title":"US: CBS 32 (Minneapolis) | UHD"},{"id":"SportsDonkeystream_7_752","title":"US: CBS 62 (Detroit) | UHD"},{"id":"SportsDonkeystream_7_753","title":"US: CBS 12 (Chicago) | UHD"},{"id":"SportsDonkeystream_7_754","title":"US: CBS 4 (Miami) | UHD"},{"id":"SportsDonkeystream_7_755","title":"US: CBS 25 (Oklahoma) | UHD"},{"id":"SportsDonkeystream_7_756","title":"US: CBS 4 (Denver) | UHD"},{"id":"SportsDonkeystream_7_757","title":"US: CBS 9 (Los Angeles) | UHD"},{"id":"SportsDonkeystream_7_758","title":"US: NBC 35 (New York) | UHD"},{"id":"SportsDonkeystream_7_759","title":"US: CBS 19 (Fort Worth) | UHD"},{"id":"SportsDonkeystream_7_760","title":"US: CBS 11 (Dallas) | UHD"},{"id":"SportsDonkeystream_7_761","title":"US: CBS (District of Columbia) | UHD"},{"id":"SportsDonkeystream_7_762","title":"US: CBS (Baltimore) | UHD"},{"id":"SportsDonkeystream_7_763","title":"US: CBS (RIVERHEAD) | UHD"},{"id":"SportsDonkeystream_7_764","title":"US: CBS 4 (New Orleans) | UHD"},{"id":"SportsDonkeystream_7_765","title":"US: CBS 7 (Las Vegas) | UHD"},{"id":"SportsDonkeystream_7_766","title":"US: CBS 3 (Philadelphia) | UHD"},{"id":"SportsDonkeystream_7_767","title":"US: FOX 24 (Wichita) | UHD"},{"id":"SportsDonkeystream_7_768","title":"US: FOX (Laredo) | UHD"},{"id":"SportsDonkeystream_7_769","title":"US: FOX (Las Vegas) | HD"},{"id":"SportsDonkeystream_7_770","title":"US: ABC 38 (TERRE HAUTE) | HD"},{"id":"SportsDonkeystream_7_771","title":"US: ABC 23 (EUREKA) | HD"},{"id":"SportsDonkeystream_7_772","title":"US: FOX 28 (EUREKA) | HD"},{"id":"SportsDonkeystream_7_773","title":"US: PIX11 (NEW YORK) | HD"},{"id":"SportsDonkeystream_7_774","title":"US: ABC 16 (SCRANTON) | HD"},{"id":"SportsDonkeystream_7_775","title":"US: PIX11 (NEW YORK) | HD"},{"id":"SportsDonkeystream_7_776","title":"US: NBC 5 (St. Louis) | HD"},{"id":"SportsDonkeystream_7_777","title":"US: ABC 33/40 (Birmingham) | HD"},{"id":"SportsDonkeystream_7_778","title":"US: CBS 47 (BIRMINGHAM AL) | HD"},{"id":"SportsDonkeystream_7_779","title":"US: NBC 4 (LOS ANGELES) | UHD"},{"id":"SportsDonkeystream_7_780","title":"US: NBC 4 (WASHINGTON DC) | UHD"},{"id":"SportsDonkeystream_7_781","title":"US: NBC 5 (Fort Worth) | UHD"},{"id":"SportsDonkeystream_7_782","title":"US: NBC 6 (MIAMI FL) | UHD"},{"id":"SportsDonkeystream_7_783","title":"US: NBC 7 (SAN DIEGO CA) | UHD"},{"id":"SportsDonkeystream_7_784","title":"US: CW (SACRAMENTO) | HD"},{"id":"SportsDonkeystream_7_785","title":"US: FOX (TRI CITIES) | HD"},{"id":"SportsDonkeystream_7_786","title":"US: FOX 13 (TAMPA BAY) | HD*"},{"id":"SportsDonkeystream_7_787","title":"US: GetTV (ONTARIO) | HD"},{"id":"SportsDonkeystream_7_788","title":"US: MNT (MEDFORD) | HD"},{"id":"SportsDonkeystream_7_789","title":"US: NBC (EAST TEXAS) | HD"},{"id":"SportsDonkeystream_7_790","title":"US: NBC (Monterey) | HD"},{"id":"SportsDonkeystream_7_791","title":"US: NBC 13 (Dothan) | HD"},{"id":"SportsDonkeystream_7_792","title":"US: NBC 2 (Fort Myers) | HD"},{"id":"SportsDonkeystream_7_793","title":"US: NBC 2 (Juneau & Douglas) | HD"},{"id":"SportsDonkeystream_7_794","title":"US: NBC 28 (SCRANTON) | HD"},{"id":"SportsDonkeystream_7_795","title":"US: NBC 39 (JACKSON) | HD"},{"id":"SportsDonkeystream_7_796","title":"US: NBC 45 (WATERTOWN) | HD"},{"id":"SportsDonkeystream_7_797","title":"US: CBS (Peoria) | SD"},{"id":"SportsDonkeystream_7_798","title":"US: CBS (South Bend) | SD"},{"id":"SportsDonkeystream_7_799","title":"US: CBS (St. Petersburg) | SD"},{"id":"SportsDonkeystream_7_800","title":"US: CBS (Tallahassee FL) | SD"},{"id":"SportsDonkeystream_7_801","title":"US: CBS (Wichita) | SD"},{"id":"SportsDonkeystream_7_802","title":"US: CBS 10 (CORPUS CHRISTI) | SD"},{"id":"SportsDonkeystream_7_803","title":"US: CBS 10 (LINCOLN NE) | SD"},{"id":"SportsDonkeystream_7_804","title":"US: CBS 10 (Springfield MA) | SD"},{"id":"SportsDonkeystream_7_805","title":"US: CBS 10 (Springfield MO) | SD"},{"id":"SportsDonkeystream_7_806","title":"US: CBS 10 (WACO TX) | SD"},{"id":"SportsDonkeystream_7_807","title":"US: CBS 11 (FORT MYERS) | SD"},{"id":"SportsDonkeystream_7_808","title":"US: CBS 11 (Fort Worth) | SD"},{"id":"SportsDonkeystream_7_809","title":"US: CBS 11 (Little Rock) | SD"},{"id":"SportsDonkeystream_7_810","title":"US: CBS 11 (SAVANNAH GA) | SD"},{"id":"SportsDonkeystream_7_811","title":"US: CBS 11 (Sioux Falls) | SD"},{"id":"SportsDonkeystream_7_812","title":"US: CBS 11 (Tri Cities) | SD"},{"id":"SportsDonkeystream_7_813","title":"US: CBS 12 (Augusta GA) | SD"},{"id":"SportsDonkeystream_7_814","title":"US: CBS 12 (CAPE GIRARDEAU MO) | SD"},{"id":"SportsDonkeystream_7_815","title":"US: CBS 12 (Jackson MS) | SD"},{"id":"SportsDonkeystream_7_816","title":"US: CBS 12 (Providence) | SD"},{"id":"SportsDonkeystream_7_817","title":"US: CBS 12 (WEST PALM BEACH) | SD"},{"id":"SportsDonkeystream_7_818","title":"US: CBS 13 (ALBUQUERQUE NM) | SD"},{"id":"SportsDonkeystream_7_819","title":"US: MY 33 (MIAMI FL) | SD"},{"id":"SportsDonkeystream_7_820","title":"US: UNIVISION 23 (MIAMI) | SD"},{"id":"SportsDonkeystream_7_821","title":"US: CBS 4 (Miami FL) | SD"},{"id":"SportsDonkeystream_7_822","title":"US: FOX 7 (Miami) | SD"},{"id":"SportsDonkeystream_7_823","title":"US: NBC 12 (JACKSONVILLE) | SD"},{"id":"SportsDonkeystream_7_824","title":"US: FOX 30 (JACKSONVILLE) | SD"},{"id":"SportsDonkeystream_7_825","title":"US: NBC 15 (PARKERSBURG) | SD"},{"id":"SportsDonkeystream_7_826","title":"US: NBC 2 (DAYTONA BEACH) | SD"},{"id":"SportsDonkeystream_7_827","title":"US: NBC 7 (LANDER) | SD"},{"id":"SportsDonkeystream_7_828","title":"US: CBS 11 (FORT MYERS) | SD"},{"id":"SportsDonkeystream_7_829","title":"US: NBC 19 (Virgin Islands) | SD"},{"id":"SportsDonkeystream_7_830","title":"US: CBS 3 (HARTFORD CT) | SD"},{"id":"SportsDonkeystream_7_831","title":"US: FOX 61 (HARTFORD) | SD"},{"id":"SportsDonkeystream_7_832","title":" WV) | SD"},{"id":"SportsDonkeystream_7_833","title":"US: CBS 13 (HUNTINGTON WV) | SD"},{"id":"SportsDonkeystream_7_834","title":"US: FOX 36 (CAPE CORAL) | SD"},{"id":"SportsDonkeystream_7_835","title":"US: TELEMUNDO 33 (SAN LUIS OBISPO) | SD"},{"id":"SportsDonkeystream_7_836","title":"US: CBS 4 (NEW ORLEANS) | SD"},{"id":"SportsDonkeystream_7_837","title":"US: CBS 12 (SANTA MARIA CA) | SD"},{"id":"SportsDonkeystream_7_838","title":"US: NBC 19 (NEW ORLEANS) | SD"},{"id":"SportsDonkeystream_7_839","title":"US: FOX 8 (NEW ORLEANS) | SD"},{"id":"SportsDonkeystream_7_840","title":"US: UNIMAS 64 (Stockton CA) | SD"},{"id":"SportsDonkeystream_7_841","title":"US: UNIMAS 66 (VALLEJO) | SD"},{"id":"SportsDonkeystream_7_842","title":"US: NBC 6 (PALM SPRINGS) | SD"},{"id":"SportsDonkeystream_7_843","title":"US: FOX 21 (COLORADO SPRINGS) | SD"},{"id":"SportsDonkeystream_7_844","title":"US: NBC 10 (BOSTON MA) | SD"},{"id":"SportsDonkeystream_7_845","title":"US: NBC 45 (WATERTOWN) | SD"},{"id":"SportsDonkeystream_7_846","title":"US: NBC 21 (St. Joseph) | SD"},{"id":"SportsDonkeystream_7_847","title":"US: NBC 39 (JACKSON) | SD"},{"id":"SportsDonkeystream_7_848","title":"US: NBC 12 (Great Falls) | SD"},{"id":"SportsDonkeystream_7_849","title":"US: FOX NET (APLENA) | SD"},{"id":"SportsDonkeystream_7_850","title":"US: FOX 24 (Fayetteville) | SD"},{"id":"SportsDonkeystream_7_851","title":"US: CBS 9 (BATON ROUGE LA) | SD"},{"id":"SportsDonkeystream_7_852","title":"US: UNIVISION 23 (Fort Worth) | SD"},{"id":"SportsDonkeystream_7_853","title":"US: FOX 44 (BATON ROUGE) | SD"},{"id":"SportsDonkeystream_7_854","title":"US: UNIVISION 62 (Austin) | SD"},{"id":"SportsDonkeystream_7_855","title":"US: NBC 33 (Baton Rouge) | SD"},{"id":"SportsDonkeystream_7_856","title":"US: UNIVISION 14 (SAN FRANCISCO) | SD"},{"id":"SportsDonkeystream_7_857","title":"US: UNIVISION 45 (Rosenberg) | SD"},{"id":"SportsDonkeystream_7_858","title":"US: UNIVISION 41 (San Antonio) | SD"},{"id":"SportsDonkeystream_7_859","title":"US: KTVU PLUS | SD"},{"id":"SportsDonkeystream_7_860","title":"US: UNIVISION 66 (Boston) | SD"},{"id":"SportsDonkeystream_7_861","title":"US: UNIVISION 41 (Paterson) | SD"},{"id":"SportsDonkeystream_7_862","title":"US: UNIVISION 43 (Orlando) | SD"},{"id":"SportsDonkeystream_7_863","title":"US: NBC 24 (Chico-Reading) | SD"},{"id":"SportsDonkeystream_7_864","title":"US: NBC 16 (Lafayette) | SD"},{"id":"SportsDonkeystream_7_865","title":"US: NBC 33 (Greenwood) | SD"},{"id":"SportsDonkeystream_7_866","title":"US: NBC 51 (Fort Smith) | SD"},{"id":"SportsDonkeystream_7_867","title":"US: CBS 7 (Roanoke VA) | SD"},{"id":"SportsDonkeystream_7_868","title":"US: NBC 7 (SAN DIEGO CA) | SD"},{"id":"SportsDonkeystream_7_869","title":"US: NBC 12 (Beaumont) | SD"},{"id":"SportsDonkeystream_7_870","title":"US: NBC 10 (Rochester MN) | SD"},{"id":"SportsDonkeystream_7_871","title":"US: FOX 19 (NEWPORT) | SD"},{"id":"SportsDonkeystream_7_872","title":"US: CBS 2 (Salt Lake City UT) | SD"},{"id":"SportsDonkeystream_7_873","title":"US: CBS 38 (Boston MA) | SD"},{"id":"SportsDonkeystream_7_874","title":"US: FOX 13 (SALT LAKE CITY) | SD"},{"id":"SportsDonkeystream_7_875","title":"US: NBC 6 (PADUCAH KY) | SD"},{"id":"SportsDonkeystream_7_876","title":"US: NBC 29 (Charlottesville) | SD"},{"id":"SportsDonkeystream_7_877","title":"US: NBC 10 (PORTSMOUTH) | SD"},{"id":"SportsDonkeystream_7_878","title":"US: NBC 65 (Vineland NJ) | SD"},{"id":"SportsDonkeystream_7_879","title":"US: NBC 12 (Richmond VA) | SD"},{"id":"SportsDonkeystream_7_880","title":"US: NBC 35 (ALEXANDRIA) | SD"},{"id":"SportsDonkeystream_7_881","title":"US: CBS 10 (WACO TX) | SD"},{"id":"SportsDonkeystream_7_882","title":"US: FOX 44 (WACO) | SD"},{"id":"SportsDonkeystream_7_883","title":"US: NBC 17 (Victoria) | SD"},{"id":"SportsDonkeystream_7_884","title":"US: NBC 3 (LOUISVILLE) | SD"},{"id":"SportsDonkeystream_7_885","title":"US: NBC 6 (Texarkana) | SD"},{"id":"SportsDonkeystream_7_886","title":"US: FOX 5 (SAN DIEGO CA) | SD"},{"id":"SportsDonkeystream_7_887","title":"US: NBC 2 (TERRE HAUTE) | SD"},{"id":"SportsDonkeystream_7_888","title":"US: NBC 9 (EL PASO TX) | SD"},{"id":"SportsDonkeystream_7_889","title":"US: NBC 4 (RENO NV) | SD"},{"id":"SportsDonkeystream_7_890","title":"US: FOX 23 (Albany NY) | SD"},{"id":"SportsDonkeystream_7_891","title":"US: CBS 11 (Fort Worth) | SD"},{"id":"SportsDonkeystream_7_892","title":"US: NBC 13 (Albany NY) | SD"},{"id":"SportsDonkeystream_7_893","title":"US: CBS (Wichita) | SD"},{"id":"SportsDonkeystream_7_894","title":"US: CBS 21 (Fort Worth) | SD"},{"id":"SportsDonkeystream_7_895","title":"US: CBS 4 (Buffalo NY) | SD"},{"id":"SportsDonkeystream_7_896","title":"US: NBC 5 (Fort Worth) | SD"},{"id":"SportsDonkeystream_7_897","title":"US: NBC 18 (Elmira NY) | SD"},{"id":"SportsDonkeystream_7_898","title":"US: CBS 30 (Laramie WY) | SD"},{"id":"SportsDonkeystream_7_899","title":"US: FOX 67 (Harlingen) | SD"},{"id":"SportsDonkeystream_7_900","title":"US: NBC 40 (BOWLING GREEN) | SD"},{"id":"SportsDonkeystream_7_901","title":"US: Fox Net (Clarksburg WV) | SD"},{"id":"SportsDonkeystream_7_902","title":"US: Fox Net (Harrisonburg VA) | SD"},{"id":"SportsDonkeystream_7_903","title":"US: Fox Net (Charlottesville VA) | SD"},{"id":"SportsDonkeystream_7_904","title":"US: CBS 27 (LEXINGTON KY) | SD"},{"id":"SportsDonkeystream_7_905","title":"US: Fox Net (Sherman TX) | SD"},{"id":"SportsDonkeystream_7_906","title":"US: Fox Net (San Angelo TX) | SD"},{"id":"SportsDonkeystream_7_907","title":"US: Fox Net (Lubbock TX) | SD"},{"id":"SportsDonkeystream_7_908","title":"US: Fox Net (Abilene TX) | SD"},{"id":"SportsDonkeystream_7_909","title":"US: NBC 2 (HOUSTON TX) | SD"},{"id":"SportsDonkeystream_7_910","title":"US: FOX 26 (HOUSTON) | SD"},{"id":"SportsDonkeystream_7_911","title":"US: NBC 18 (LEXINGTON KY) | SD"},{"id":"SportsDonkeystream_7_912","title":"US: UNIMAS 4 (IRVING) | SD"},{"id":"SportsDonkeystream_7_913","title":"US: NBC 56 (JACKSONVILLE) | SD"},{"id":"SportsDonkeystream_7_914","title":"US: CBS 14 (LOUISVILLE KY) | SD"},{"id":"SportsDonkeystream_7_915","title":"US: Fox Net (Twin Falls ID) | SD"},{"id":"SportsDonkeystream_7_916","title":"US: Fox Net (Charles LA) | SD"},{"id":"SportsDonkeystream_7_917","title":"US: NBC 11 (LUBBOCK) | SD"},{"id":"SportsDonkeystream_7_918","title":"US: NBC 46 (LAFAYETTE LA) | SD"},{"id":"SportsDonkeystream_7_919","title":"US: Fox Net (Minot MD) | SD"},{"id":"SportsDonkeystream_7_920","title":"US: Fox Net (Presque Isle ME) | SD"},{"id":"SportsDonkeystream_7_921","title":"US: Fox Net (Marquette MI) | SD"},{"id":"SportsDonkeystream_7_922","title":"US: CBS 19 (Nacogdoches) | SD"},{"id":"SportsDonkeystream_7_923","title":"US: NBC (Great Falls MT) | SD"},{"id":"SportsDonkeystream_7_924","title":"US: NBC 9 (ODESSA) | SD"},{"id":"SportsDonkeystream_7_925","title":"US: Fox Net (Wilmington NC) | SD"},{"id":"SportsDonkeystream_7_926","title":"US: Fox Net (Binghampton NY) | SD"},{"id":"SportsDonkeystream_7_927","title":"US: Fox Net (Medford OR) | SD"},{"id":"SportsDonkeystream_7_928","title":"US: NBC 4 (SAN ANTONIO TX) | SD"},{"id":"SportsDonkeystream_7_929","title":"US: UniMas 28 (Philadelphia PA) | SD"},{"id":"SportsDonkeystream_7_930","title":"US: CBS 8 (SAN DIEGO CA) | SD"},{"id":"SportsDonkeystream_7_931","title":"US: FOX Net (Rapid City SD) | SD"},{"id":"SportsDonkeystream_7_932","title":"US: FOX Net (Panama City FL) | SD"},{"id":"SportsDonkeystream_7_933","title":"US: Fox Net (Dothan AL) | SD"},{"id":"SportsDonkeystream_7_934","title":"US: NBC (LAFAYETTE) | SD"},{"id":"SportsDonkeystream_7_935","title":"US: FOX 5 (Henderson NV) | SD"},{"id":"SportsDonkeystream_7_936","title":"US: CBS (South Bend) | SD"},{"id":"SportsDonkeystream_7_937","title":"US: CBS 8 (Las Vega NV) | SD"},{"id":"SportsDonkeystream_7_938","title":"US: NBC 16 (SOUTH BEND IN) | SD"},{"id":"SportsDonkeystream_7_939","title":"US: NBC 7 (Laurel MS) | SD"},{"id":"SportsDonkeystream_7_940","title":"US: FOX 30 (Meridian MS) | SD"},{"id":"SportsDonkeystream_7_941","title":"US: CBS 5 (CHARLESTON SC) | SD"},{"id":"SportsDonkeystream_7_942","title":"US: FOX 24 (CHARLESTON) | SD"},{"id":"SportsDonkeystream_7_943","title":"US: FOX 46 (Belmont NC) | SD"},{"id":"SportsDonkeystream_7_944","title":"US: NBC 36 (Charlotte NC) | SD"},{"id":"SportsDonkeystream_7_945","title":"US: CBS 19 (COLUMBIA) | SD"},{"id":"SportsDonkeystream_7_946","title":"US: CBS 17 (Goldsboro NC) | SD"},{"id":"SportsDonkeystream_7_947","title":"US: NBC 10 (Columbia SC) | SD"},{"id":"SportsDonkeystream_7_948","title":"US: NBC 7 (WATERLOO) | SD"},{"id":"SportsDonkeystream_7_949","title":"US: GAME+ | SD"},{"id":"SportsDonkeystream_7_950","title":"US: CBS 2 (BOISE ID) | SD"},{"id":"SportsDonkeystream_7_951","title":"US: CBS 13 (Florence) | SD"},{"id":"SportsDonkeystream_7_952","title":"US: NBC 7 (BOISE ID) | SD"},{"id":"SportsDonkeystream_7_953","title":"US: FOX 21 (Greenville SC) | SD"},{"id":"SportsDonkeystream_7_954","title":"US: NBC 4 (Greenville SC) | SD"},{"id":"SportsDonkeystream_7_955","title":"US: FOX 9 (CALDWELL) | SD"},{"id":"SportsDonkeystream_7_956","title":"US: CBS 2 (Greensboro NC) | SD"},{"id":"SportsDonkeystream_7_957","title":"US: CBS 9 (Greenville NC) | SD"},{"id":"SportsDonkeystream_7_958","title":"US: CBS 8 (High Point NC) | SD"},{"id":"SportsDonkeystream_7_959","title":"US: NBC 6 (POCATELLO) | SD"},{"id":"SportsDonkeystream_7_960","title":"US: FOX 50 (Raleigh NC) | SD"},{"id":"SportsDonkeystream_7_961","title":"US: NBC 5 (RALEIGH NC) | SD"},{"id":"SportsDonkeystream_7_962","title":"US: FOX 43 (MYRTLE BEACH) | SD"},{"id":"SportsDonkeystream_7_963","title":"US: NBC 32 (MYRTLE BEACH) | SD"},{"id":"SportsDonkeystream_7_964","title":"US: CBS 7 (Spartanburg) | SD"},{"id":"SportsDonkeystream_7_965","title":"US: FOX 43 (BLOOMINGTON) | SD"},{"id":"SportsDonkeystream_7_966","title":"US: NBC 21 (RAPID CITY) | SD"},{"id":"SportsDonkeystream_7_967","title":"US: CBS 3 (Champaign) | SD"},{"id":"SportsDonkeystream_7_968","title":"US: FOX 32 (CHICAGO) | SD"},{"id":"SportsDonkeystream_7_969","title":"US: NBC 5 (CHICAGO) | SD"},{"id":"SportsDonkeystream_7_970","title":"US: CBS 8 (KNOXVILLE TN) | SD"},{"id":"SportsDonkeystream_7_971","title":"US: FOX 43 (KNOXVILLE) | SD"},{"id":"SportsDonkeystream_7_972","title":"US: NBC 10 (KNOXVILLE) | SD"},{"id":"SportsDonkeystream_7_973","title":"US: NBC 17 (DECATUR) | SD"},{"id":"SportsDonkeystream_7_974","title":"US: CBS (Peoria) | SD"},{"id":"SportsDonkeystream_7_975","title":"US: NBC 25 (BLOOMINGTON IL) | SD"},{"id":"SportsDonkeystream_7_976","title":"US: CBS 5 (NASHVILLE) | SD"},{"id":"SportsDonkeystream_7_977","title":"US: NBC 5 (MEMPHIS) | SD"},{"id":"SportsDonkeystream_7_978","title":"US: NBC 4 (NASHVILLE TN) | SD"},{"id":"SportsDonkeystream_7_979","title":"US: CBS 11 (Tri Cities) | SD"},{"id":"SportsDonkeystream_7_980","title":"US: NBC 10 (QUINCY) | SD"},{"id":"SportsDonkeystream_7_981","title":"US: NBC 7 (Washington NC) | SD"},{"id":"SportsDonkeystream_7_982","title":"US: NBC 5 (Tri-Cities) | SD"},{"id":"SportsDonkeystream_7_983","title":"US: CBS 3 (Washington NC) | SD"},{"id":"SportsDonkeystream_7_984","title":"US: NBC 13 (ROCKFORD) | SD"},{"id":"SportsDonkeystream_7_985","title":"US: CBS 44 (EVANSVILLE IN) | SD"},{"id":"SportsDonkeystream_7_986","title":"US: UniMas 67 (Houston) | SD"},{"id":"SportsDonkeystream_7_987","title":"US: NBC 12 (Winston Salem NC) | SD"},{"id":"SportsDonkeystream_7_988","title":"US: FOX 15 (Fargo ND) | SD"},{"id":"SportsDonkeystream_7_989","title":"US: NBC 14 (EVANSVILLE IN) | SD"},{"id":"SportsDonkeystream_7_990","title":"US: NBC 11 (FARGO ND) | SD"},{"id":"SportsDonkeystream_7_991","title":"US: CBS 42 (Austin) | SD"},{"id":"SportsDonkeystream_7_992","title":"US: NBC 2 (North Platte NE) | SD"},{"id":"SportsDonkeystream_7_993","title":"US: CBS 15 (FORT WAYNE) | SD"},{"id":"SportsDonkeystream_7_994","title":"US: NBC 6 (Omaha NE) | SD"},{"id":"SportsDonkeystream_7_995","title":"US: FOX 55 (Fort Wayne) | SD"},{"id":"SportsDonkeystream_7_996","title":"US: NBC 4 (Superior NE) | SD"},{"id":"SportsDonkeystream_7_997","title":"US: NBC 36 (Austin) | SD"},{"id":"SportsDonkeystream_7_998","title":"US: UNIMAS 31 (AUSTIN) | SD"},{"id":"SportsDonkeystream_7_999","title":"US: NBC 21 (FORT WAYNE IN) | SD"},{"id":"SportsDonkeystream_7_1000","title":"US: UNIMAS 17 (San Antonio) | SD"},{"id":"SportsDonkeystream_7_1001","title":"US: NBC 23 (Brownsville) | SD"},{"id":"SportsDonkeystream_7_1002","title":"US: MY 50 (CHICAGO) | SD"},{"id":"SportsDonkeystream_7_1003","title":"US: NBC 23 (Bryan) | SD"},{"id":"SportsDonkeystream_7_1004","title":"US: UniMas 68 (Newark NJ) | SD"},{"id":"SportsDonkeystream_7_1005","title":"US: FOX 59 (INDIANAPOLIS) | SD"},{"id":"SportsDonkeystream_7_1006","title":"US: NBC 13 (INDIANAPOLIS IN) | SD"},{"id":"SportsDonkeystream_7_1007","title":"US: NBC 4 (Alburquerque NM) | SD"},{"id":"SportsDonkeystream_7_1008","title":"US: CBS 10 (CORPUS CHRISTI) | SD"},{"id":"SportsDonkeystream_7_1009","title":"US: NBC 3 (Jackson MS) | SD"},{"id":"SportsDonkeystream_7_1010","title":"US: NBC (OTTUMWA) | SD"},{"id":"SportsDonkeystream_7_1011","title":"US: NBC 8 (Providence) | SD"},{"id":"SportsDonkeystream_7_1012","title":"US: CBS 12 (Jackson MS) | SD"},{"id":"SportsDonkeystream_7_1013","title":"US: NBC 10 (Rhode Island) | SD"},{"id":"SportsDonkeystream_7_1014","title":"US: NBC 13 (Des Moines) | SD"},{"id":"SportsDonkeystream_7_1015","title":"US: FOX 40 (Jackson MS) | SD"},{"id":"SportsDonkeystream_7_1016","title":"US: CBS 8 (Des Moines) | SD"},{"id":"SportsDonkeystream_7_1017","title":"US: NBC 9 (Columbus MS) | SD"},{"id":"SportsDonkeystream_7_1018","title":"US: NBC 25 (Gulfport MS) | SD"},{"id":"SportsDonkeystream_7_1019","title":"US: CBS 4 (ROCK ISLAND) | SD"},{"id":"SportsDonkeystream_7_1020","title":"US: FOX 2 (St. Louis MO) | SD"},{"id":"SportsDonkeystream_7_1021","title":"US: FOX 64 (PROVIDENCE) | SD"},{"id":"SportsDonkeystream_7_1022","title":"US: NBC 10 (ANCHORAGE) | SD"},{"id":"SportsDonkeystream_7_1023","title":"US: CBS 4 (Columbus MS) | SD"},{"id":"SportsDonkeystream_7_1024","title":"US: NBC 11 (Fairbanks) | SD"},{"id":"SportsDonkeystream_7_1025","title":"US: NBC 6 (DAVENPORT IA) | SD"},{"id":"SportsDonkeystream_7_1026","title":"US: CBS 4 (St. Louis MO) | SD"},{"id":"SportsDonkeystream_7_1027","title":"US: NBC 3 (Springfield MO) | SD"},{"id":"SportsDonkeystream_7_1028","title":"US: FOX 4 (Kansas City MO) | SD"},{"id":"SportsDonkeystream_7_1029","title":"US: CBS 12 (Providence) | SD"},{"id":"SportsDonkeystream_7_1030","title":"US: CBS 10 (Springfield MO) | SD"},{"id":"SportsDonkeystream_7_1031","title":"US: NBC 8 (Columbia MO) | SD"},{"id":"SportsDonkeystream_7_1032","title":"US: NBC 12 (ERIE) | SD"},{"id":"SportsDonkeystream_7_1033","title":"US: CBS (Tallahassee FL) | SD"},{"id":"SportsDonkeystream_7_1034","title":"US: FOX 43 (YORK) | SD"},{"id":"SportsDonkeystream_7_1035","title":"US: CBS 4 (Minneapolis MN) | SD"},{"id":"SportsDonkeystream_7_1036","title":"US: CBS 6 (Lansing MI) | SD"},{"id":"SportsDonkeystream_7_1037","title":"US: FOX 28 (COLUMBUS GA) | SD"},{"id":"SportsDonkeystream_7_1038","title":"US: NBC 6 (Marquette MI) | SD"},{"id":"SportsDonkeystream_7_1039","title":"US: NBC 10 (Onondaga MI) | SD"},{"id":"SportsDonkeystream_7_1040","title":"US: CBS 2 (Pittsburgh) | SD"},{"id":"SportsDonkeystream_7_1041","title":"US: NBC 25 (Saginaw MI) | SD"},{"id":"SportsDonkeystream_7_1042","title":"US: NBC 14 (COLUMBUS) | SD"},{"id":"SportsDonkeystream_7_1043","title":"US: NBC 41 (MACON) | SD"},{"id":"SportsDonkeystream_7_1044","title":"US: NBC 11 (PITTSBURGH) | SD"},{"id":"SportsDonkeystream_7_1045","title":"US: CBS 22 (Scranton PA) | SD"},{"id":"SportsDonkeystream_7_1046","title":"US: NBC 7 (Traverse City MI) | SD"},{"id":"SportsDonkeystream_7_1047","title":"US: CBS 11 (SAVANNAH GA) | SD"},{"id":"SportsDonkeystream_7_1048","title":"US: CBS 3 (Kalamazoo MI) | SD"},{"id":"SportsDonkeystream_7_1049","title":"US: NBC 26 (AUGUSTA GA) | SD"},{"id":"SportsDonkeystream_7_1050","title":"US: FOX (AUGUSTA) | SD"},{"id":"SportsDonkeystream_7_1051","title":"US: FOX 29 (PHILADELPHIA) | SD"},{"id":"SportsDonkeystream_7_1052","title":"US: CBS 12 (Augusta GA) | SD"},{"id":"SportsDonkeystream_7_1053","title":"US: CW69 (ATLANTA) | SD"},{"id":"SportsDonkeystream_7_1054","title":"US: FOX 5 (ATLANTA) | SD"},{"id":"SportsDonkeystream_7_1055","title":"US: CBS 3 (PHILADELPHIA) | SD"},{"id":"SportsDonkeystream_7_1056","title":"US: NBC 11 (ATLANTA) | SD"},{"id":"SportsDonkeystream_7_1057","title":"US: NBC 4 (Detroit MI) | SD"},{"id":"SportsDonkeystream_7_1058","title":"US: NBC 17 (JOPLIN) | SD"},{"id":"SportsDonkeystream_7_1059","title":"US: FOX 19 (Grand Rapids MI) | SD"},{"id":"SportsDonkeystream_7_1060","title":"US: NBC 8 (Grand Rapids MI) | SD"},{"id":"SportsDonkeystream_7_1061","title":"US: CBS 46 (Atlanta GA) | SD"},{"id":"SportsDonkeystream_7_1062","title":"US: NBC 8 (Lancaster) | SD"},{"id":"SportsDonkeystream_7_1063","title":"US: CW 50 (Detroit MI) | SD"},{"id":"SportsDonkeystream_7_1064","title":"US: FOX 2 (Detroit MI) | SD"},{"id":"SportsDonkeystream_7_1065","title":"US: CBS 62 (Detroit MI) | SD"},{"id":"SportsDonkeystream_7_1066","title":"US: CBS 21 (Detroit MI) | SD"},{"id":"SportsDonkeystream_7_1067","title":"US: NBC 10 (ALBANY) | SD"},{"id":"SportsDonkeystream_7_1068","title":"US: NBC 11 (Baltimore MD) | SD"},{"id":"SportsDonkeystream_7_1069","title":"US: CBS 12 (WEST PALM BEACH) | SD"},{"id":"SportsDonkeystream_7_1070","title":"US: FOX 8 (Johnstown) | SD"},{"id":"SportsDonkeystream_7_1071","title":"US: NBC 9 (Salisbury MD) | SD"},{"id":"SportsDonkeystream_7_1072","title":"US: FOX 29 (West Palm Beach) | SD"},{"id":"SportsDonkeystream_7_1073","title":"US: NBC 2 (Bangor ME) | SD"},{"id":"SportsDonkeystream_7_1074","title":"US: NBC 6 (Johnstown) | SD"},{"id":"SportsDonkeystream_7_1075","title":"US: NBC 5 (West Palm Beach FL) | SD"},{"id":"SportsDonkeystream_7_1076","title":"US: CBS 5 (Bay City MI) | SD"},{"id":"SportsDonkeystream_7_1077","title":"US: CBS 9 (Cadillac MI) | SD"},{"id":"SportsDonkeystream_7_1078","title":"US: CW (ST. PETERSBURG) | SD"},{"id":"SportsDonkeystream_7_1079","title":"US: NBC 40 (TALLAHASSEE) | SD"},{"id":"SportsDonkeystream_7_1080","title":"US: FOX 13 (TAMPA BAY) | SD"},{"id":"SportsDonkeystream_7_1081","title":"US: NBC 8 (TAMPA) | SD"},{"id":"SportsDonkeystream_7_1082","title":"US: CBS 13 (Baltimore MD) | SD"},{"id":"SportsDonkeystream_7_1083","title":"US: NBC 22 (Springfield MA) | SD"},{"id":"SportsDonkeystream_7_1084","title":"US: FOX 6 (Springfield MA) | SD"},{"id":"SportsDonkeystream_7_1085","title":"US: CBS 42 (BIRMINGHAM) | SD"},{"id":"SportsDonkeystream_7_1086","title":"US: NBC 13 (Birmingham) | SD"},{"id":"SportsDonkeystream_7_1087","title":"US: NBC (Dothan) | SD"},{"id":"SportsDonkeystream_7_1088","title":"US: FOX (Huntsville) | SD"},{"id":"SportsDonkeystream_7_1089","title":"US: CBS 5 (Mobile) | SD"},{"id":"SportsDonkeystream_7_1090","title":"US: FOX 25 (BOSTON MA) | SD"},{"id":"SportsDonkeystream_7_1091","title":"US: CBS 26 (Orlando FL) | SD"},{"id":"SportsDonkeystream_7_1092","title":"US: FOX 10 (Mobile) | SD"},{"id":"SportsDonkeystream_7_1093","title":"US: NBC 15 (Mobile) | SD"},{"id":"SportsDonkeystream_7_1094","title":"US: FOX 35 (Orlando) | SD"},{"id":"SportsDonkeystream_7_1095","title":"US: NBC 12 (Montgomery) | SD"},{"id":"SportsDonkeystream_7_1096","title":"US: NBC 20 (TWIN FALLS) | SD"},{"id":"SportsDonkeystream_7_1097","title":"US: NBC 13 (MISSOULA) | SD"},{"id":"SportsDonkeystream_7_1098","title":"US: NBC (EAST TEXAS) | SD"},{"id":"SportsDonkeystream_7_1099","title":"US: NBC 16 (EL PASO) | SD"},{"id":"SportsDonkeystream_7_1100","title":"US: NBC 13 (Eau Claire WI) | SD"},{"id":"SportsDonkeystream_7_1101","title":"US: NBC 6 (Wilmington NC) | SD"},{"id":"SportsDonkeystream_7_1102","title":"US: NBC 12 (Helena MT) | SD"},{"id":"SportsDonkeystream_7_1103","title":"US: NBC 6 (BUTTE) | SD"},{"id":"SportsDonkeystream_7_1104","title":"US: NBC 17 (SHREVEPORT) | SD"},{"id":"SportsDonkeystream_7_1105","title":"US: NBC 5 (ST. LOUIS MO) | SD"},{"id":"SportsDonkeystream_7_1106","title":"US: NBC 20 (FRESNO) | SD"},{"id":"SportsDonkeystream_7_1107","title":"US: NBC 41 (KANSAS CITY MO) | SD"},{"id":"SportsDonkeystream_7_1108","title":"US: NBC 5 (SALT LAKE CITY) | SD"},{"id":"SportsDonkeystream_7_1109","title":"US: NBC 10 (PHILADELPHIA PA) | SD"},{"id":"SportsDonkeystream_7_1110","title":"US: NBC 4 (HASTINGS NE) | SD"},{"id":"SportsDonkeystream_7_1111","title":"US: NBC 27 (TOPEKA) | SD"},{"id":"SportsDonkeystream_7_1112","title":"US: NBC 2 (CHARLESTON SC) | SD"},{"id":"SportsDonkeystream_7_1113","title":"US: NBC 3 (LAS VEGAS NV) | SD"},{"id":"SportsDonkeystream_7_1114","title":"US: NBC (Wichita KS) | SD"},{"id":"SportsDonkeystream_7_1115","title":"US: CBS 12 (Chicago IL) | SD"},{"id":"SportsDonkeystream_7_1116","title":"US: CBS 2 (Reno NV) | SD"},{"id":"SportsDonkeystream_7_1117","title":"US: CBS (San Diego CA) | SD"},{"id":"SportsDonkeystream_7_1118","title":"US: CBS 12 (CAPE GIRARDEAU MO) | SD"},{"id":"SportsDonkeystream_7_1119","title":"US: CBS 2 (CEDAR RAPIDS) | SD"},{"id":"SportsDonkeystream_7_1120","title":"US: CBS 4 (Harlingen TX) | SD"},{"id":"SportsDonkeystream_7_1121","title":"US: CBS 23 (Honolulu) | SD"},{"id":"SportsDonkeystream_7_1122","title":"US: CBS 11 (HOUSTON) | SD"},{"id":"SportsDonkeystream_7_1123","title":"US: CBS 29 (Yakima) | SD"},{"id":"SportsDonkeystream_7_1124","title":"US: CBS 18 (Seattle WA) | SD"},{"id":"SportsDonkeystream_7_1125","title":"US: CBS 11 (COLORADO SPRINGS) | SD"},{"id":"SportsDonkeystream_7_1126","title":"US: CBS 10 (LAFAYETTE LA) | SD"},{"id":"SportsDonkeystream_7_1127","title":"US: CBS 24 (St. Louis) | SD"},{"id":"SportsDonkeystream_7_1128","title":"US: CBS 3 (Omaha NE) | SD"},{"id":"SportsDonkeystream_7_1129","title":"US: CBS 20 (BOSTON) | SD"},{"id":"SportsDonkeystream_7_1130","title":"US: CBS 20 (BOSTON MA) | SD"},{"id":"SportsDonkeystream_7_1131","title":"US: CBS 17 (SHREVEPORT) | SD"},{"id":"SportsDonkeystream_7_1132","title":"US: CBS 3 (BURLINGTON VT) | SD"},{"id":"SportsDonkeystream_7_1133","title":"US: CBS 2 (New York NY) | SD"},{"id":"SportsDonkeystream_7_1134","title":"US: CBS 11 (Sioux Falls) | SD"},{"id":"SportsDonkeystream_7_1135","title":"US: CBS 13 (ALBUQUERQUE NM) | SD"},{"id":"SportsDonkeystream_7_1136","title":"US: CBS 5 (Kansas City MO) | SD"},{"id":"SportsDonkeystream_7_1137","title":"US: CBS 3 (Charlotte NC) | SD"},{"id":"SportsDonkeystream_7_1138","title":"US: CBS 20 (SPOKANE) | SD"},{"id":"SportsDonkeystream_7_1139","title":"US: CBS 13 (MYRTLE BEACH) | SD"},{"id":"SportsDonkeystream_7_1140","title":"US: CBS (TUCSON) | SD"},{"id":"SportsDonkeystream_7_1141","title":"US: CBS 10 (LINCOLN NE) | SD"},{"id":"SportsDonkeystream_7_1142","title":"US: CBS 10 (Springfield MA) | SD"},{"id":"SportsDonkeystream_7_1143","title":"US: CBS 6 (Tulsa OK) | SD"},{"id":"SportsDonkeystream_7_1144","title":"US: CBS 13 (Sacramento CA) | SD"},{"id":"SportsDonkeystream_7_1145","title":"US: CBS 17 (PHOENIX) | SD"},{"id":"SportsDonkeystream_7_1146","title":" OH) | SD"},{"id":"SportsDonkeystream_7_1147","title":"US: CBS SPORTS NETWORK | SD"},{"id":"SportsDonkeystream_7_1148","title":"US: CBS 13 (EUGENE OR) | SD"},{"id":"SportsDonkeystream_7_1149","title":"US: NBC 2 (Fort Myers) | SD"},{"id":"SportsDonkeystream_7_1150","title":"US: NBC 5 (Binghamton NY) | SD"},{"id":"SportsDonkeystream_7_1151","title":"US: NBC 7 (LAKE CHARLES) | SD"},{"id":"SportsDonkeystream_7_1152","title":"US: NBC 12 (Phoenix) | SD"},{"id":"SportsDonkeystream_7_1153","title":"US: NBC 9 (ABILENE) | SD"},{"id":"SportsDonkeystream_7_1154","title":"US: NBC 28 (WILKES BARRE PA) | SD"},{"id":"SportsDonkeystream_7_1155","title":"US: NBC 6 (CORPUS CHRISTI TX) | SD"},{"id":"SportsDonkeystream_7_1156","title":"US: NBC 7 (RENO) | SD"},{"id":"SportsDonkeystream_7_1157","title":"US: NBC 16 (SAN ANGELO) | SD"},{"id":"SportsDonkeystream_7_1158","title":"US: NBC (Monterey KSBW) | SD"},{"id":"SportsDonkeystream_7_1159","title":"US: NBC 6 (SAN LUIS OBISPO) | SD"},{"id":"SportsDonkeystream_7_1160","title":"US: FOX 49 (OSAGE BEACH MO) | SD"},{"id":"SportsDonkeystream_7_1161","title":"US: FOX 10 (Phoenix) | SD"},{"id":"SportsDonkeystream_7_1162","title":"US: FOX 12 (SALT LAKE CITY) | SD"},{"id":"SportsDonkeystream_7_1163","title":"US: FOX 26 (SAN DIEGO) | SD"},{"id":"SportsDonkeystream_7_1164","title":"US: FOX 7 (AUSTIN) | SD"},{"id":"SportsDonkeystream_7_1165","title":"US: FOX 41 (Louisville KY) | SD"},{"id":"SportsDonkeystream_7_1166","title":"US: FOX 23 (TULSA) | SD"},{"id":"SportsDonkeystream_7_1167","title":"US: FoxNET (EAST) | SD"},{"id":"SportsDonkeystream_7_1168","title":"US: FoxNET (WEST) | SD"},{"id":"SportsDonkeystream_7_1169","title":"US: FOX DEPORTES | SD"},{"id":"SportsDonkeystream_7_1170","title":"US: FOX (PORTLAND) | SD"},{"id":"SportsDonkeystream_7_1171","title":"US: FOX 17 (SIOUX FALLS) | SD"},{"id":"SportsDonkeystream_7_1172","title":"US: FOX 8 (GREENSBORO) | SD"},{"id":"SportsDonkeystream_7_1173","title":"US: FOX 2 (HONOLULU) | SD"},{"id":"SportsDonkeystream_7_1174","title":"US: FOX (SANTA BARBARA) | SD"},{"id":"SportsDonkeystream_7_1175","title":"US: FOX 16 (Little Rock) | SD"},{"id":"SportsDonkeystream_7_1176","title":"US: FOX (EUGENE) | SD"},{"id":"SportsDonkeystream_7_1177","title":"US: FOX 25 (Tucson) | SD"},{"id":"SportsDonkeystream_7_1178","title":"US: FOX 9 (MINNEAPOLIS MN) | SD"},{"id":"SportsDonkeystream_7_1179","title":"US: FOX 34 (Shreveport) | SD"},{"id":"SportsDonkeystream_7_1180","title":"US: FOX 11 (Los Angeles) | SD"},{"id":"SportsDonkeystream_7_1181","title":"US: FOX 40 (SACRAMENTO) | SD"},{"id":"SportsDonkeystream_7_1182","title":"US: NBC 8 (Billings) | SD"},{"id":"SportsDonkeystream_7_1183","title":"US: NBC 6 (Wisconsin) | SD"},{"id":"SportsDonkeystream_7_1184","title":"US: NBC 9 (DENVER) | SD"},{"id":"SportsDonkeystream_7_1185","title":"US: CBS 5 (SAN FRANCISCO CA) | SD"},{"id":"SportsDonkeystream_7_1186","title":"US: NBC 2 (BUFFALO NY) | SD"},{"id":"SportsDonkeystream_7_1187","title":"US: FOX 13 (MEMPHIS) | SD"},{"id":"SportsDonkeystream_7_1188","title":"US: CBS 12 (LITTLE ROCK) | SD"},{"id":"SportsDonkeystream_7_1189","title":"US: NBC 8 (Jonesboro) | SD"},{"id":"SportsDonkeystream_7_1190","title":"US: NBC 5 (LOUISIANA) | SD"},{"id":"SportsDonkeystream_7_1191","title":"US: NBC 4 (Amarillo) | SD"},{"id":"SportsDonkeystream_7_1192","title":"US: NBC 11 (MINNEAPOLIS) | SD"},{"id":"SportsDonkeystream_7_1193","title":"US: NBC 4 (Little Rock) | SD"},{"id":"SportsDonkeystream_7_1194","title":"US: CBS 25 (PITTSBURGH PA) | SD"},{"id":"SportsDonkeystream_7_1195","title":"US: CBS 47 (Fresno) | SD"},{"id":"SportsDonkeystream_7_1196","title":"US: NBC 14 (SIOUX CITY) | SD"},{"id":"SportsDonkeystream_7_1197","title":"US: NBC 27 (OKLAHOMA) | SD"},{"id":"SportsDonkeystream_7_1198","title":"US: NBC 5 (Bismarck) | SD"},{"id":"SportsDonkeystream_7_1199","title":"US: NBC 17 (Bakersfield) | SD"},{"id":"SportsDonkeystream_7_1200","title":"US: NBC 8 (LAREDO) | SD"},{"id":"SportsDonkeystream_7_1201","title":"US: NBC 8 (Portland ME) | SD"},{"id":"SportsDonkeystream_7_1202","title":"US: NBC 35 (Honolulu) | SD"},{"id":"SportsDonkeystream_7_1203","title":"US: NBC 6 (SPOKANE WA) | SD"},{"id":"SportsDonkeystream_7_1204","title":"US: NBC 25 (SEATTLE) | SD"},{"id":"SportsDonkeystream_7_1205","title":"US: NBC 2 (TULSA) | SD"},{"id":"SportsDonkeystream_7_1206","title":"US: NBC 9 (GRAND JUNCTION) | SD"},{"id":"SportsDonkeystream_7_1207","title":"US: NBC 14 (LA FAYETTE) | SD"},{"id":"SportsDonkeystream_7_1208","title":"US: NBC 16 (Eugene) | SD"},{"id":"SportsDonkeystream_7_1209","title":"US: NBC 36 (LOS ANGELES) | SD"},{"id":"SportsDonkeystream_7_1210","title":"US: NBC 23 (Tri Cities WA) | SD"},{"id":"SportsDonkeystream_7_1211","title":"US: NBC 17 (SAN DIEGO) | SD"},{"id":"SportsDonkeystream_7_1212","title":"US: NBC 11 (SAN JOSE BAY AREA) | SD"},{"id":"SportsDonkeystream_7_1213","title":"US: NBC 5 (PUEBLO CO) | SD"},{"id":"SportsDonkeystream_7_1214","title":"US: CW (Sacramento) | SD"},{"id":"SportsDonkeystream_7_1215","title":"US: TELEMUNDO 2 (ALBUQUERQUE) | SD"},{"id":"SportsDonkeystream_7_1216","title":"US: NBC 5 (Juneau & Douglas) | SD"},{"id":"SportsDonkeystream_7_1217","title":"US: FOX 2 (San Francisco) | SD"},{"id":"SportsDonkeystream_7_1218","title":"US: FOX 31 (DENVER) | SD"},{"id":"SportsDonkeystream_7_1219","title":"US: CBS 11 (Sioux Falls)  | SD"},{"id":"SportsDonkeystream_7_1220","title":"US: CBS 5 (SAN ANTONIO)  | SD"},{"id":"SportsDonkeystream_7_1221","title":"US: CBS (San Diego CA)  | SD"},{"id":"SportsDonkeystream_7_1222","title":"US: NBC 27 (OKLAHOMA)  | SD"},{"id":"SportsDonkeystream_7_1223","title":"US: FOX 13 (TACOMA) | SD"},{"id":"SportsDonkeystream_7_1224","title":"US: NBC 3 (SACRAMENTO) | SD"},{"id":"SportsDonkeystream_7_1225","title":"US: METV (SACRAMENTO) | SD"},{"id":"SportsDonkeystream_7_1226","title":"US: NBC 13 (CASPER) | SD"},{"id":"SportsDonkeystream_7_1227","title":"US: FOX (TRI CITIES) | SD"},{"id":"SportsDonkeystream_7_1228","title":"US: CBS 4 (EL PASO TX) | SD"},{"id":"SportsDonkeystream_7_1229","title":"US: FOX 35 (DALLAS) | SD"},{"id":"SportsDonkeystream_7_1230","title":"US: NBC 6 (Temple) | SD"},{"id":"SportsDonkeystream_7_1231","title":"US: NBC 19 (CHEYENNE) | SD"},{"id":"SportsDonkeystream_7_1232","title":"US: NBC 3 (Huntington WV) | SD"},{"id":"SportsDonkeystream_7_1233","title":"US: Fox Net (Bowling Green KY) | SD"},{"id":"SportsDonkeystream_7_1234","title":"US: CBS 8 (Montgomery) | SD"},{"id":"SportsDonkeystream_7_1235","title":"US: CBS (St. Petersburg) | SD"},{"id":"SportsDonkeystream_7_1236","title":"US: NBC 5 (SEATTLE WA) | SD"},{"id":"SportsDonkeystream_7_1237","title":"US: CBS 2 (Spokane) | SD"},{"id":"SportsDonkeystream_7_1238","title":"US: FOX 28 (Spokane) | SD"},{"id":"SportsDonkeystream_7_1239","title":" WA) | SD"},{"id":"SportsDonkeystream_7_1240","title":"US: FOX 41 (YAKIMA) | SD"},{"id":"SportsDonkeystream_7_1241","title":"US: CBS 5 (GREEN BAY WI) | SD"},{"id":"SportsDonkeystream_7_1242","title":"US: NBC 26 (GREEN BAY) | SD"},{"id":"SportsDonkeystream_7_1243","title":"US: FOX 25 (LA CROSSE) | SD"},{"id":"SportsDonkeystream_7_1244","title":"US: NBC 13 (La Crosse WI) | SD"},{"id":"SportsDonkeystream_7_1245","title":"US: CBS 3 (MADISON WI) | SD"},{"id":"SportsDonkeystream_7_1246","title":"US: NBC 15 (MADISON WI) | SD"},{"id":"SportsDonkeystream_7_1247","title":"US: CBS 58 (Milwaukee WI) | SD"},{"id":"SportsDonkeystream_7_1248","title":"US: FOX 6 (MILWAUKEE) | SD"},{"id":"SportsDonkeystream_7_1249","title":"US: NBC 4 (MILWAUKEE) | SD"},{"id":"SportsDonkeystream_7_1250","title":"US: NBC 12 (RHINELANDER) | SD"},{"id":"SportsDonkeystream_7_1251","title":" VA) | SD"},{"id":"SportsDonkeystream_7_1252","title":"US: NBC 3 (SAVANNAH GA) | SD"},{"id":"SportsDonkeystream_7_1253","title":"US: NBC 10 (Dothan) | SD"},{"id":"SportsDonkeystream_7_1254","title":"US: FOX 54 (Huntsville) | SD"},{"id":"SportsDonkeystream_7_1255","title":"US: NBC 48 (Huntsville) | SD"},{"id":"SportsDonkeystream_7_1256","title":"US: CBS 11 (Little Rock) | SD"},{"id":"SportsDonkeystream_7_1257","title":"US: NBC 10 (El Dorado) | SD"},{"id":"SportsDonkeystream_7_1258","title":"US: UNIMAS 13 (Flagstaff) | SD"},{"id":"SportsDonkeystream_7_1259","title":"US: Univision 33 (Phoenix) | SD"},{"id":"SportsDonkeystream_7_1260","title":"US: Univision 46 (Green Valley) | SD"},{"id":"SportsDonkeystream_7_1261","title":"US: CBS 5 (Phoenix) | SD"},{"id":"SportsDonkeystream_7_1262","title":"US: CBS 13 (Tucson) | SD"},{"id":"SportsDonkeystream_7_1263","title":"US: FOX 11 (Tucson) | SD"},{"id":"SportsDonkeystream_7_1264","title":"US: NBC 4 (Tucson) | SD"},{"id":"SportsDonkeystream_7_1265","title":"US: NBC 13 (Yuma) | SD"},{"id":"SportsDonkeystream_7_1266","title":"US: CBS 29 (Bakersfield) | SD"},{"id":"SportsDonkeystream_7_1267","title":"US: NBC 3 (Eureka) | SD"},{"id":"SportsDonkeystream_7_1268","title":"US: NBC 24 (Fresno) | SD"},{"id":"SportsDonkeystream_7_1269","title":"US: CBS 46 (Salinas) | SD"},{"id":"SportsDonkeystream_7_1270","title":"US: CBS 9 (Los Angeles) | SD"},{"id":"SportsDonkeystream_7_1271","title":"US: CBS 2 (Los Angeles) | SD"},{"id":"SportsDonkeystream_7_1272","title":"US: NBC 4 (Los Angeles) | SD"},{"id":"SportsDonkeystream_7_1273","title":"US: NBC 10 (Roanoke) | SD"},{"id":"SportsDonkeystream_7_1274","title":"US: CBS 47 (Jacksonville FL) | SD"},{"id":"SportsDonkeystream_7_1275","title":"US: CW11 | SD"},{"id":"SportsDonkeystream_7_1276","title":"US: NBC 5 (MEDFORD) | SD"},{"id":"SportsDonkeystream_7_1277","title":"US: CBS 13 (PORTLAND) | SD"},{"id":"SportsDonkeystream_7_1278","title":"US: CW 44 (San Francisco CA) | SD"},{"id":"SportsDonkeystream_7_1279","title":"US: WGN 9 (Chicago) | HD"},{"id":"SportsDonkeystream_7_1280","title":"US: CBS 12 (Chattanooga TN) | HD"},{"id":"SportsDonkeystream_7_1281","title":"US: CBS 12 (Chattanooga TN) | SD"},{"id":"SportsDonkeystream_7_1282","title":"US: NBC (CHATTANOOGA) | HD"},{"id":"SportsDonkeystream_7_1283","title":"US: NBC 3 (Chattanooga) | SD"},{"id":"SportsDonkeystream_7_1284","title":"US: CBS 13 (Baltimore MD) | HD"},{"id":"SportsDonkeystream_7_1285","title":"US: CBS 4 (Minneapolis MN) | HD"},{"id":"SportsDonkeystream_7_1286","title":"US: NBC 36 (CHARLOTTE NC) | HD"},{"id":"SportsDonkeystream_7_1287","title":"US: CBS 8 (Las Vegas NV) | HD"},{"id":"SportsDonkeystream_7_1288","title":"US: NBC 3 (LAS VEGAS) | HD"},{"id":"SportsDonkeystream_7_1289","title":"US: CBS 7 (Las Vegas NV) | HD"},{"id":"SportsDonkeystream_7_1290","title":"US: CBS 8 (Las Vegas NV) | SD"},{"id":"SportsDonkeystream_7_1291","title":"US: CW33 (LAS VEGAS) | HD"},{"id":"SportsDonkeystream_7_1292","title":"US: FOX 5 (Las Vegas) | HD"},{"id":"SportsDonkeystream_7_1293","title":"US: MyNet (Las Vegas) | SD"},{"id":"SportsDonkeystream_7_1294","title":"US: ABC 13 (Las Vegas) | HD"},{"id":"SportsDonkeystream_7_1295","title":"US: NBC 6 (New Orleans) | HD"},{"id":"SportsDonkeystream_7_1296","title":"US: NBC 6 (New Orleans) | SD"}]}}